,x0,x1,x2,x3,x4,x5,x6,x7,x8,x9,x10,x11,x12,x13,x14,x15,x16,x17,x18,x19,Target,Hypothesis
0,-2.365955990594852,-1.759351013115684,-3.1997712503653104,-2.5953348547363206,-2.906488218365774,-3.0153228104624046,-2.8274795772446586,-2.5088785459139045,-2.4064650515386603,-2.1223665319932863,-2.361610971193411,-1.8295609992064812,-2.791095500536965,-1.4437651272181093,-3.145224813604148,-1.8590649796431957,-2.365390395265746,-2.0826203431084966,-2.9192261228095324,-2.803797021830243,-135.53703318802403,Weak
1,-1.6595599059485195,4.4064898688431615,-9.997712503653101,-3.9533485473632046,-7.064882183657739,-8.153228104624045,-6.274795772446582,-3.0887854591390447,-2.0646505153866013,0.7763346800671389,-1.6161097119341044,3.7043900079351904,-5.910955005369651,7.562348727818907,-9.452248136041476,3.409350203568044,-1.6539039526574602,1.1737965689150336,-7.192261228095324,-6.037970218302425,-303.1884153226969,Global
2,6.014891373510732,9.36523151438795,-3.7315164368151432,3.8464523133862816,7.527783045920767,7.892133270076947,-8.299115772604441,-9.218904335342353,-6.6033916087086215,7.562850068588261,-8.033063323338999,-1.5778474998989562,9.157790603010039,0.6633056994603415,3.837542279009467,-3.689687379878741,3.7300185536316732,6.692513437947458,-9.634234453116164,5.00288629889935,-283.63263468239546,Global
3,9.777221778129896,4.963313087596788,-4.391120158711896,5.785586569029771,-7.9354798684471595,-1.0421294764818967,8.171910061861912,-4.1277170325264105,-4.244493228273026,-7.3994285576344465,-9.612660842594059,3.5767106587978184,-5.767437679998819,-4.689066812555476,-0.1685368143932351,-8.932749097658393,1.4823521098402619,-7.0654285018837975,1.786110738065684,3.9951672004186243,-266.6744774583953,Global
4,-7.953311423443483,-1.7188802436086341,3.8880031545549016,-1.7164146094619461,-9.000930821078256,0.7179281183102315,3.2758929043957767,0.29778224116617125,8.891895119816265,1.7311008100398588,8.068038305757671,-7.25050591707525,-7.214473054984829,6.147825774190476,-2.046463260289329,-6.6929160576613445,8.550171607920678,-3.0446828050898684,5.01624206272311,4.519959707009029,-223.9282855145022,Global
5,-1.636568667226222,-2.9805334133075876,-1.664321476356177,-2.946852362576014,-1.563239369795627,-1.5750844191577933,-1.3697371646704977,-1.2042767581595615,-3.080536369860337,-3.153438010188094,-1.8463214337341665,-2.9472912791724015,-1.6805050394104457,-2.7372778509162936,-3.148512581140114,-3.0978109447911697,-2.356456754832263,-1.4531674861919959,-1.2159891460549428,-1.6956824173882297,-104.97713330030616,Weak
6,-1.5985108626489268,-1.2634768485612051,-2.5731516436815145,-1.815354768661372,-1.4472216954079236,-1.4107866729923055,-3.029911577260444,-3.1218904335342357,-2.860339160870862,-1.443714993141174,-3.0033063323339,-2.3577847499898956,-1.2842209396989963,-2.133669430053966,-1.8162457720990535,-2.5689687379878743,-1.8269981446368329,-1.5307486562052544,-3.163423445311617,-1.6997113701100652,-105.46482487014208,Weak
7,-1.281720133380659,-2.811620880886446,-1.5061218052433794,-2.124393643386086,-2.7864535836350868,-2.6902779293133827,-1.7723188350518193,-2.7254361058700995,-2.873398230177865,-2.83456401636537,-1.5445350561009334,-1.318447591876722,-1.573623349877524,-2.9045965567113767,-1.733164751701371,-2.9421844732454927,-3.1427568863622195,-2.5576611595565426,-2.922445376310166,-1.2140537097444914,-122.11961053363906,Weak
8,-2.448318989676629,-1.2013644644343686,-3.084310781770741,-1.8893359484102714,-1.7322860392283934,-3.120605721570887,-2.363465489420175,-2.4235387162868447,-1.8249450445635833,-1.7688775491572728,-2.8460872343331873,-2.6784594135722597,-1.5810247658844012,-2.952654156020526,-1.8212734718726835,-2.1040001881996178,-2.690713044376191,-2.939826509055279,-2.157751711525272,-2.20678457563454,-124.75238130101638,Weak
9,-1.4127001483312673,-2.1837672143913807,-1.3317096586529509,-2.8903965682908304,-2.7879675553059693,-2.245992854663741,-2.837650032897826,-1.2295766567633393,-2.3296071696213483,-3.0156914618164006,-1.437267018229429,-2.253828824496596,-2.945071827804239,-2.9766285117601194,-2.8611442126333406,-1.4198397136653849,-2.8015138177157066,-2.7000037751370045,-2.5276549756113225,-2.3877260535363036,-126.2855250615097,Weak
10,-2.524852007652527,-1.9290863451046563,-1.2299908386515976,-3.1009017528233067,-1.6830081323255612,-1.572906266828423,-2.1711019097026085,-1.6706902480026726,-1.566286577254581,-2.3791317175895688,-2.2025653420495166,-1.2239363648357875,-2.5233410744030094,-2.2823766219271575,-1.5589277270381736,-2.8323800912094965,-2.7130577556762248,-2.3273482774311747,-2.5662453751747987,-1.7020930816600066,-114.30188831773546,Weak
11,-3.1260097417029353,-1.4786763046915352,-2.476997899485707,-1.6251348919314068,-2.9199850717990703,-1.4367202298284656,-2.965817179101235,-2.452872805340747,-2.8505983971177393,-1.6598302270131955,-1.5178379881515678,-1.8060427060261897,-2.7424527020356777,-2.1061908633877455,-2.35746436885446,-2.127473414748643,-1.4254284844210319,-1.7069223858035174,-1.7965494333606558,-2.427061632807689,-111.93525074713911,Weak
12,-1.3639999803088485,-2.854441703674124,-2.4511678232458767,-3.156351448862198,-2.3715895010072394,-1.261125858226058,-1.9915544618553505,-1.9656148203689974,-1.9929979482778957,-2.6985716280424774,-2.8083441991028346,-2.223546028693103,-1.7125047381368779,-1.3508450483677765,-2.9652069246066497,-1.5214880870080671,-2.9873395276264736,-1.5134537311324803,-1.8177393203975356,-2.9390110624334915,-113.30118772693001,Weak
13,-2.249836525979487,-1.6571008411378518,-1.5749025113204431,-2.412418627325284,-3.0537369688316884,-1.4775413905916692,-3.0802338765122883,-2.3958663970228904,-2.956374955941465,-2.499934774678691,-1.5108726418430192,-2.5641299192156124,-2.893547664617162,-3.068390057402728,-2.252651354065145,-2.2196743188266574,-1.287942567239534,-2.9227110072237643,-1.6325530123357914,-2.5624655306406057,-122.80785802461546,Weak
14,-1.924973127207121,-2.143090045489326,-2.0176794692498325,-2.1639857869032384,-1.5837711239299916,-0.9159629214034002,-2.185941351059365,-2.079718715594586,-2.806577320387899,-2.092700317028584,-2.2741995539874305,-2.3343241624416016,-1.4964899710442892,-2.243263499647689,-2.2693014747128735,-2.6620243438248012,-2.0755156668506007,-1.1776530187882184,-1.9130107515534214,-1.7431070881741217,-113.3986146562972,Global
15,-1.6402644936499218,-2.9038860584687867,-1.739722133857273,-3.0766933349004106,-1.788734197464777,-1.6781551803072083,-1.5071071828108937,-1.4230371672444186,-2.736310009451349,-3.092542180885312,-2.040382618172174,-2.652696539816324,-1.7958775633037942,-2.506460174638666,-2.958899704326172,-2.8477086485164858,-2.5436877603996857,-1.7090185041835706,-1.4655568049870915,-1.9238053749912998,-116.26381744439153,Global
16,-1.9059476126067396,-1.4332156589919103,-2.3319817900192823,-1.9242067673285312,-1.8370598090167294,-1.4624978836630722,-2.9045698797859605,-2.818469393955413,-2.641387554693983,-1.651021773700515,-2.5973711040242105,-2.1001635227115854,-1.6790116151943228,-2.227006202607453,-1.8264937559798207,-2.4078628955141674,-1.9717616811694763,-1.7746762741592377,-2.828003889800709,-1.8625871641728784,-117.28358890207049,Global
17,-5.903981842835229,-0.40451435805095315,1.416027785430769,0.11114488057938132,-6.2625144737257665,-9.195821046751579,-7.885012812121193,-4.554844564373601,-1.6852919029663482,0.324644549084919,-5.260522454312467,-4.836248371272303,1.465305483214367,-5.548496717366054,-7.829361477953993,-1.312218034964964,3.0479352164967306,2.105421995970252,-4.804751282131856,-1.2014630042517638,-181.53765685470347,Global
18,-1.4580478605650764,-1.2912163261160363,-2.6999729564487662,-1.8185280702748214,-1.231975933543094,-1.4159474667865408,-2.958051334389176,-3.15422206072028,-2.98161623699238,-1.4333736856945396,-3.1687469613576087,-2.558455870652132,-1.070490519123186,-2.105470437789252,-1.9204727305071283,-2.6820569322679195,-1.7967983060294481,-1.3751186605320194,-3.1751224504642512,-1.6300944469617362,-102.49511929558344,Global
19,-3.540963421837075,0.27812774058083534,0.5220816608930683,-3.597248253368446,1.9603570233219703,-7.2812829078919865,1.6921546525751534,-7.059095752715498,-6.2113102191121,0.7559331839917114,-5.891395586383748,-7.322109330010285,-2.599581022613238,1.540182410841835,-5.311700199948417,-3.673700437398102,5.916876541673478,-0.7443024161673399,-1.1227662878429392,0.05514745259778664,-204.29431353752105,Global
20,-7.816863980095392,0.8933962906590089,0.5007385073981538,2.6918805097423277,-1.4199602492480938,-0.7151608272385896,2.4281238496641855,-0.7771790903463724,-1.270468522728157,1.8104962893262915,0.9039108201228565,-8.151148710012068,1.3187464977929473,-4.120459809085226,-4.484651992187572,-0.20558541793855234,0.5877206206647916,-3.213194794456429,-2.6427007247135004,3.3643616044682982,-45.58952538244407,Global
21,-1.774802320665291,1.1865890000426766,-6.978709528399046,-1.0231696905018381,-5.890903312916825,6.034983875648862,-2.4943889585884698,-2.025717525700106,-4.169977734206258,-3.2323544102361517,-0.5211121691166181,-9.82632871892225,-3.206889859535174,-2.1963851971622628,5.482401853450744,4.007758169356357,-6.652560629769189,0.6094502902302441,1.6157160593048587,-3.2078038102279454,-247.91491384689672,Global
22,-1.6880407105658655,-2.8967389747175907,-1.6686433190003214,-2.692690950363979,-1.4292651071650493,-1.4505277357349808,-1.4133091907318966,-1.150957931235413,-3.336148384412994,-3.041074131038646,-1.7083970652093605,-3.093689572278818,-1.5996511974164334,-2.87702657826284,-3.1936945860342143,-3.2018409305305564,-2.1607486926784674,-1.2295175443063104,-1.1383580778861786,-1.5259556821332372,-98.49601929232652,Global
23,-1.7351763274561307,-2.8053934753181835,-1.700339447697443,-2.5226939999092193,-1.3877241630230541,-1.4050022940329723,-1.4863048386373165,-1.1653215689778258,-3.4617826387930513,-2.9395242668250647,-1.6410074259977119,-3.1426271273090682,-1.5758550504950835,-2.936729068156641,-3.193877375541351,-3.2257880439732562,-2.046501085988945,-1.127504021876426,-1.1440941058310443,-1.4500900449466652,-96.22949029885766,Global
24,-3.0459905026477525,-2.812700745533057,-0.6512636228716868,-2.9988976135569807,-3.0318528577302857,-5.366535945219177,-1.303858629078686,2.3596357991767665,-2.542372791333354,-4.862405518058479,1.4464094754752228,-0.9865136230959575,-2.0056719068375113,-1.836104588274969,1.5310152430613364,-3.679240253371967,1.6014854439987687,0.9482134650894114,-9.94380811146783,7.1008025121204845,-163.99810278083146,Global
25,0.30608406012588674,3.3343195878554237,-4.444510060838088,3.915994422019242,-0.922730813644776,-1.6158922095363426,1.9438021005495436,-2.4239986174446493,-4.963633216822439,-0.3636220728000179,6.579426689983446,-8.684584782509248,-1.632452820348858,-6.169970107242246,-5.950894617048446,3.586581773873494,3.9549287665208244,-5.544841970213561,-9.649315103188368,0.39319149005400433,-206.089833425081,Global
26,-6.644618250793608,-4.770521729191479,-4.345592920299852,-1.8887200146249068,4.008406796590922,3.9813448001002634,2.9941866237056214,4.035247167647896,0.8426986458469798,-2.835163063810935,-0.8250006455724979,1.2614429748030904,-2.1347069268598045,-1.5595847723795728,-6.122157644912887,0.5554110160261452,4.012804637353195,4.5585021711771585,-1.4122713204452104,-0.47963381806528105,-113.88318688795076,Global
27,-5.168093432750069,0.4388762597462801,2.7884386395322753,-3.588347078508507,-2.235369156380756,4.096112791994164,3.107632515591476,2.0804523201993863,-3.3237558643103,-2.35778920977066,3.441012240767755,0.8516334437706146,-1.7352274844833318,-3.0739985606180937,-2.023166637859541,0.9899264111997894,3.3112201302416437,-9.477131178155979,1.834679527394984,-3.7207723922023694,-117.88328094333566,Global
28,-4.28030612105397,-5.803034771559224,2.1312710848031493,-0.7394129051025615,-4.631074053318942,-4.366354458846809,-0.2900731911319916,-4.601136867253466,-0.921535706622457,8.69910889928597,0.5965415536060412,-4.466863257928393,1.2325536860457813,-3.979304589222787,-9.679189238132773,-3.056017111358507,-2.785100997109396,-2.873938746486835,-7.883509578081897,5.952621270331965,-168.6230196367016,Global
29,-1.443342175187156,-1.2819280864530682,-2.7105385610757327,-1.7841999363766823,-1.1880493609466647,-1.4520040763108328,-2.954956434688943,-3.1294914558425586,-3.0747682487844554,-1.440686536725711,-3.1363620272658093,-2.6407189005998792,-1.0536235442911475,-2.165507569697217,-1.977336616851053,-2.736334646447897,-1.7471515903744061,-1.3432054417802526,-3.1656751452623655,-1.5802153917758541,-102.47498612039729,Global
30,-6.879282896097417,-0.35482559724345286,0.4232873320239392,-0.1499008706401721,0.5743366268260353,5.382769838080561,-0.14882819684670245,-3.3827217216618592,-2.783791262709183,7.882822373570615,-0.9409963265058607,-8.641652103168063,-4.1751451176679355,-5.057419656242155,-5.029936639820114,-0.3788843620644222,0.8195328436319471,-6.804126532765739,-3.6181102280356754,6.2075163064575065,-141.41540441723853,Global
31,-1.6188302185087156,-2.9921825892926335,-1.6584042742591312,-2.965594812807883,-1.5779267980706224,-1.558587724719667,-1.3654420708250892,-1.204572817289396,-3.063126633835864,-3.157418561927655,-1.842792725423522,-2.927650168191048,-1.7038431516266264,-2.7481302000435996,-3.160853819874585,-3.0847515823028493,-2.346696612082228,-1.436496857304876,-1.22616392689765,-1.6724466316679059,-104.83656709984335,Weak
32,-3.177614237994588,-1.4554146107004442,-2.5239153663428273,-1.5736556931452819,-2.951512796143408,-1.4119770488621088,-2.9688127651222476,-2.4440097009368764,-2.8501014781394804,-1.6179479036487097,-1.5057729490677167,-1.7839576694039672,-2.7250612230968327,-2.052435892757537,-2.349868045221582,-2.120470394763273,-1.4290547812467251,-1.6412095333145629,-1.7971659556092365,-2.4157924411803022,-110.02151568960115,Weak
33,-2.7245334814627182,-2.0564702731449653,-2.7484018269212185,-1.638272193139121,-2.991250742231463,-1.3642760749448937,-2.212525758478119,-2.2637433999240857,-1.8624531511709919,-1.951626751359045,-2.2455789525989114,-1.9469491252262332,-3.082777583410605,-1.8306330936468271,-2.286330710449511,-1.2632700643519843,-1.3408618512086474,-1.411157113148422,-1.9695351102432874,-3.1333865200943025,-109.2705499324421,Weak
34,-2.8500267071464984,-2.468316687518875,-2.3449734690498003,-1.3378469496668306,-2.960328050542901,-1.5055434053111105,-2.320996013038501,-2.841104624520902,-2.598700754447341,-1.2745213189715676,-2.1701273039423126,-2.329970270214104,-2.6338107613617745,-1.7385936401056534,-2.525870178487596,-2.857203040421844,-2.1346315433402836,-2.0179998807114012,-1.4609425069097708,-1.6358152109595412,-124.21732976418281,Weak
35,-2.2242164419388786,-1.976485446794833,-1.2671050936220434,-3.192441012239387,-1.6714697628238648,-2.754856661735863,-1.7530578717405545,-1.869009058841423,-2.232356560318099,-3.1941797953924977,-1.5995911984562958,-2.331404746475662,-1.6825289790699016,-3.0475457413359233,-2.892972947474288,-3.0622701927285068,-2.28216817995536,-1.24370536081152,-1.3276298515271043,-2.251664624398469,-110.9933110499871,Weak
36,-2.988286351826262,-1.236883582754034,-1.4627124931074327,-3.1745895117410217,-2.405263930089015,-2.386361887412458,-1.8702301207401093,-1.3176437745872571,-2.0057006589877115,-1.7723269280939153,-2.645599524071577,-1.9688105306916301,-2.1649696342757223,-2.449428633713727,-2.3032770798221263,-2.748006755030113,-3.0683932268285483,-2.2288491056885134,-2.338751321244234,-1.703384785270506,-122.20799202474473,Weak
37,-2.8055755833133094,-2.136366121307871,-3.1666263951931173,-2.37520123914172,-2.672162679896576,-1.9034722319727528,-2.2942055505443695,-1.9868860489486282,-3.0083422096971253,-1.3343012148790594,-1.204918913031954,-2.7670774870426174,-2.6076935005562776,-1.8211854334054574,-2.1291951158878892,-2.533079993785597,-1.3695137392501229,-1.4071625565912471,-2.333543331424062,-2.045117192740647,-119.82532321702324,Weak
38,-2.3614273349215154,-1.209736888982001,-2.31192078569911,-1.9749423856119461,-2.3612234054212577,-1.6783409373617113,-3.1589455038648326,-2.8730150704114124,-2.900437016552277,-1.9785500002881684,-1.3674804837693937,-2.3334244204426264,-2.7373355931286927,-2.350791506350973,-2.7229378146081116,-1.2302859820350938,-1.6162603454403905,-1.5346085075412492,-2.8737522597872793,-2.947983446539794,-117.35456304684898,Weak
39,-4.254254545110108,5.45289282583261,0.6021455011323589,7.286370124607334,-4.211172174589695,1.8282393267090686,2.79592514942056,0.559460438013037,-2.5485092231690887,-1.2666833105916258,1.2915814133814845,-8.370991150679483,5.247824092478016,-7.588409220782452,-2.0134269007016803,8.438996353762008,-0.7158816284951381,1.3474340363446977,-1.605733124441425,8.605386775348546,-95.99720313920501,Global
40,3.1144427853001044,-5.746330271874818,-5.004962250459779,3.0905442178303755,-0.46246139113718776,-1.4997292359001246,-4.461901706824913,-5.330349187739804,1.3715633050358722,-3.664121297272094,-3.9526569684907997,-0.4905319390249012,1.9534025140850844,-2.803376504558674,-0.4279143234421774,2.682019060140872,-2.5032045050260754,-3.183777718921135,2.9633873493815255,5.754645954720628,-96.46931190645657,Global
41,-8.313606096665339,-1.163010157441759,3.874207250990713,-9.68683482683463,2.5305417143718767,3.065845775443922,5.997507160941444,5.879650328901718,-1.5445235181187797,-7.731271757297327,4.661639690845433,0.7679526583194836,-1.057484491892783,-1.4967831612849363,1.352839900398223,8.49218111639016,3.1093463949492257,-7.033245065708096,0.35896616457711517,3.2358417590169033,-180.05715032867346,Global
42,4.325103005534018,-0.466274933035983,-6.2645616255402174,-0.7743462936913286,-0.5231143568811891,-1.0858553444556467,-7.912135732565277,-7.3072612416032445,5.252995383876179,-3.640086527379438,-5.952214525631958,-1.0933189754699075,-2.2084446386288104,-5.143527137863657,-8.037528129951735,7.981319722362802,-3.7770331306823053,0.9936632666268608,-2.4269571970379484,6.144216441285501,-166.85679099313978,Global
43,-2.1383736437844085,-5.325676235938463,1.9031003665416062,-9.54422408713739,5.856454769003786,2.833846176136232,0.9902043146482171,1.4730400289520862,6.259141259786979,-1.1112041765150096,-1.9293598152613995,-3.201135558955597,-2.5930083583295938,1.7471028899875023,-4.701812738455706,0.36368311344062576,4.4470193791312695,0.8900464813231768,-0.540481355186424,-5.332682164196189,-146.5785762005381,Global
44,-9.120012421096344,5.533338250663027,-1.0709699194587685,1.1874831232406269,-2.7784788744244775,2.3163738337288198,5.036230087658202,-6.149764333864018,-7.566724815701125,7.224921727289264,1.5174591946710763,0.30060141183725797,-1.5787466613248995,-6.743250517732484,-8.175030704492237,0.5091469191781872,3.6064888226429233,-1.8369410443450125,-1.0536054826454606,2.43034558729242,-175.3864283430554,Global
45,-0.059181518170259295,-0.8138504113700407,-4.601312316474204,-2.660202818300035,-8.05939028219634,-4.190051221858515,-6.615040354339998,0.23834536923271976,-3.399876370288659,0.9606705753564242,3.282972655547944,-3.410509889917299,-7.945900754672104,-2.1584880440250025,-2.140172093839812,-8.49865462722465,2.872274979929834,4.513973314161696,-1.031982626505501,-8.392461544236465,-115.20796562066973,Global
46,3.387281726028524,3.8281129541340846,2.420446657666517,-5.67968522195506,-1.1490677652645473,3.1342636910441968,5.339735972779065,-6.863204323803198,-6.129282140382461,-2.5907182752024083,-5.4005607774035,-1.1689957633534007,-7.28223022151306,-3.8465292789263845,0.7956914392345062,-0.9661017659184967,-5.860340325395514,-2.834203069244694,-0.5747787754826454,-7.09971490788905,-211.09917656673085,Global
47,-1.6844979295335616,-1.4211133313971143,0.8181000767616169,3.9285961407221457,4.042921923636589,-6.566121845891009,0.0022550415325390816,-1.7608380993179615,7.410539325387685,2.6283784243675274,0.6500813283196365,-7.6921071564216525,2.1127577864682294,-7.6559218863953316,-3.2558684886849587,-7.143160703713363,3.841472940487378,-5.874957723276948,-2.16281253623948,7.913495552375572,-164.95077247592744,Global
48,-2.254168206613816,-1.5210661289929561,0.5347462782950778,-8.42960895707086,1.2476623916329679,-2.5863169136312125,-0.11876557127335374,6.778041775472875,-2.0706953070112704,-2.6704086885781075,-2.6771378725566697,0.848768797562995,4.409764857603399,-3.9971317583482584,-3.5605460492174412,-4.57155163370844,1.2825743349389729,-3.3336512054695984,2.7815958995366223,-3.3920035558317485,-82.74107534766944,Global
49,-2.7187744957532205,-2.294434632971992,-1.737459218946146,-2.274188734834456,-1.596228716199571,-2.590805798591755,-1.3578622600399861,-2.713216337880476,-2.3966603326757223,-3.1811279260028025,-1.7103260844826578,-2.98072493424153,-1.6755756297113125,-2.3013452877426683,-2.4743573337150826,-2.902570904690009,-1.4813561652181328,-1.4125754436822604,-2.0732549583949735,-2.4137220779868374,-119.00615887284594,Weak
50,-2.5404398415963745,-1.8875399042681265,-2.2352531673141547,-1.417507446485424,-3.022387468961198,-1.5330831274409136,-3.1112060486877584,-2.8281566176792463,-1.8913878969606914,-1.963497353770787,-2.8267693854122036,-1.990902794686904,-2.677822400973509,-2.5164774911831223,-2.185679844282759,-1.534000374475352,-2.310973291938767,-2.583135321752179,-2.1328057332733565,-2.717895613863429,-126.55766776730408,Weak
51,-1.4251445716772346,-2.4617361214345514,-2.2545566846708875,-2.7818402906748765,-1.437262892801287,-1.8935804676939374,-1.4147311406281367,-1.5020103126218924,-3.1723757112822795,-2.8149742447690587,-1.5455291849352257,-1.725021547261506,-1.251562878482087,-3.105036219467537,-2.9113643887440084,-2.376264971018861,-2.7872505022801892,-2.4996996395516113,-1.5759228878035438,-1.4148415091399666,-110.64498417064328,Weak
52,-1.5701139915419844,-1.6521323529319896,-1.2659204263292372,-2.60566125951377,-1.4106376361699777,-1.5965944667046874,-2.102515822374551,-1.5404506588112015,-2.1998934220199065,-2.425587119272303,-2.471586317325595,-1.2610261469416675,-1.7553425852326836,-2.772201919073738,-1.8504816458660562,-2.0645412867154462,-2.2496011276471197,-3.0407212640768773,-2.512283141384115,-1.78674923840683,-107.87961710162658,Weak
53,-1.6220965325653844,-1.3240040581381258,-1.3864265848588075,-3.1175302375103557,-1.3665163493195827,-1.478581718971581,-1.9533457655062885,-1.3426309210956533,-3.114487175237394,-2.594241492667114,-2.283602555263169,-1.4613487245783106,-2.0476053597444857,-2.66353182710536,-2.071834155415511,-2.5160777744406966,-2.425990358714305,-1.6154136334615607,-1.4838245056368966,-1.3130534828790674,-100.3725901480363,Weak
54,-1.6861823159950593,-1.3391747605239217,-1.5379326541771559,-2.45151717998878,-1.99934796466381,-1.209227676173948,-2.24365538656905,-2.2017701987954608,-3.030187369519873,-3.0678163508774756,-2.7096010175897964,-2.210384799869158,-2.4635201845445573,-2.3460272662501125,-1.8757431312067068,-1.4820544063089742,-2.9847348012932553,-1.4030684808129938,-1.8294676022966851,-1.8961457234763504,-112.05322882708279,Weak
55,-2.23532760875107,-2.4988514983178716,-1.490102194468902,-2.4991644279280227,-1.591965309951097,-1.779301781681828,-2.2445565522599633,-2.6449509570356664,-1.2689347493372252,-1.7164418505480004,-2.7183578304319704,-1.468532327074407,-2.741643705150975,-2.782054213912263,-1.4730289205641465,-2.9238126298092126,-2.4645936309928564,-1.856684201579874,-2.341376531761811,-2.118070292965637,-118.34446888494529,Weak
56,-1.8714430209602109,-2.898332290035396,-2.3676935329325763,-2.113783875049836,-1.7922285298822567,-2.1808332813978666,-2.0341531302254023,-2.137639301704313,-2.103039161541721,-2.385954815062301,-1.402333184538315,-2.4508258611160345,-1.619450097742812,-3.06912116672758,-2.7980000478701186,-2.651855766905393,-2.940055572971363,-2.41136386683965,-1.447402665661996,-1.8949785001003057,-126.18804746211937,Weak
57,-7.232474297709222,-4.089496598085606,0.5746408875713644,3.197868310342887,-3.863143003279383,-2.960805679273461,-5.47954965145234,-4.978319254832824,-5.875007345859147,-0.007120759447797553,-5.926923429790094,3.669428583788525,-4.3639551298015755,-4.701553350335768,3.6283939670411147,-1.9030085970478883,-5.421080146704131,-3.972042564312826,0.5319427181473912,0.01381722517993822,-163.11512934749487,Global
58,-7.421516210166217,-0.2346825293691719,1.6207858992788378,-6.731949848267831,7.530168885754641,-2.512931122881512,-2.1495011232264227,-2.8871288189685114,-2.358395711992449,-1.702911603486644,-2.9583238050548877,-3.607106935711659,-5.621255284470667,-0.24182663468932653,0.7872713982491071,-1.272351679109203,-9.018039970542677,-1.92763480117687,-2.9322683506284015,-4.303904814084634,-177.6845532978835,Global
59,-5.274228875264109,-3.9081847402274006,-1.9908568609515438,-0.0671309803074358,3.865620435761965,7.3566329759778455,-6.7176719559547955,2.3842311116792843,0.6344816713031527,-5.044868529542557,-2.561066229990299,-5.686372691777343,-4.569078288948177,-4.555203406746444,-3.3599481126842274,1.525554207539642,-2.9359282784290137,0.519262526859805,-0.6617336339234026,5.240232650727371,-132.73259563334966,Global
60,-0.15232696704552495,-1.2268674484180018,-6.659255669144319,-8.131827096518887,-4.567801047493072,2.529943519345789,-4.311071389723844,-9.73493444529743,-4.677301444302104,-3.7388111053277377,-2.8287365700066625,-7.212747194861729,-4.715560177373197,1.2179638600922935,-4.7973087934407115,-6.187923001255786,-0.5232891330492038,-4.858344741927361,0.5968903140210919,2.652975019794434,-213.86133660169276,Global
61,-5.862301652941029,1.6491748014431273,5.187975833882399,-6.364069551372138,3.0173367849148462,-0.3275689121087808,-1.2032980299365654,-0.3733083975375102,-4.167307848090751,2.5152345713234716,3.382007741394988,-1.6683339087315225,-2.2411399626062822,-9.115570378493299,-3.20202046571914,-0.2624424643605483,-0.8739979202142205,-5.717275654819616,1.184540382642549,1.1962309614518745,-159.69975773997714,Global
62,2.0002319303464198,4.199051737995003,-4.302779550602727,2.6168032579186544,0.4812999498227235,-0.8240029388911996,-0.2382310802848675,-0.8699296837997288,-0.2850626296738046,2.561903265567093,-1.1416314045657536,0.4131359918207842,0.272477465075573,-9.135474188637678,-2.9314163542866156,-4.3498668812107315,1.5381422286458175,1.3768163244700808,-1.125865930896099,-0.31180284764137056,-53.336780240807904,Global
63,-3.9202042082306,-5.910062855581371,4.38417771496524,-0.6692981357068728,-0.7010244725367762,-3.1185925781036383,3.492256430452933,1.3475538711350747,-8.193139392553778,-0.9831533068982541,-1.5110363129298037,3.8913386803150907,2.6865362642355493,-6.165255362361677,-6.605943078304808,2.6810537545612547,1.7399104191233974,-1.8100508020393882,2.597152790055631,-4.902710940296446,-138.2702618549731,Global
64,1.3224959243799876,-0.07862096123673368,1.8094483460482653,4.522738171106603,-5.452864623121423,0.3467268472054563,-2.9068598530859564,-1.3878083800861738,-3.610954565172209,8.936624142505853,2.4878188941261286,-7.0285457708215615,7.808738652919949,-8.296976580790222,-5.813151588108642,-2.107621034504305,-1.272912575942355,-2.963994418538311,-2.532410562357706,-1.7960156461378673,-164.18406835641886,Global
65,-3.758260399027211,2.5860416861061637,-3.3553217436469174,-4.289479725857904,2.1003877117389163,-1.6219320976534597,-0.8466730052399019,1.0472371968192657,-7.578171693793124,-3.357753472610825,-2.1252873679734563,-0.623691945043916,2.5298220137364353,-1.1580056742660503,-0.36706656737569077,-5.309796211786775,-6.135447201173507,1.0903238033184408,6.343737930217522,3.004922663613602,-117.474312517427,Global
66,-1.746428573325316,-1.1439090439404005,-2.115102604281029,-3.5287926792016444,5.2118631713277175,-1.2409560540773157,3.7703294092302304,4.118731764105174,-5.322924276875602,3.862439070194947,1.5789552124920725,-7.245544877846816,-1.1318508875657898,-2.6866642787096495,-2.6163514285080103,-1.3471107355041756,3.6625307149209227,-7.267990791259531,-5.989043795094555,3.945228138581946,-155.41498997317814,Global
67,-2.443498391482869,-2.2438932438258448,-1.9828477210447883,-3.0622278062473747,-2.5969372925134246,-1.8353917557569521,-2.33788585867267,-1.47183869000819,-2.32914277119324,-2.572365659734958,-2.08424095861744,-1.7053326209302329,-3.1796813357230382,-2.1026914136233903,-1.504551682186374,-2.72425773417211,-2.181768311651859,-2.2982727762006574,-2.0886532941786813,-1.7799189607986488,-126.6778799359465,Weak
68,-1.5624287740452854,-2.534210167425429,-3.1723342808819877,-2.2143913857108286,-2.1884776072679646,-1.7578354307720596,-1.9917289224213388,-1.8465858101422952,-2.545798366586967,-2.573362001239129,-2.8820397884087634,-2.6996774901013882,-1.234547929417175,-1.4807196135397707,-2.2161205352110196,-2.554235574032531,-2.9474605841893293,-1.5584498959921482,-1.9853852181369875,-2.987029409550701,-121.28151145154109,Weak
69,-1.82638343812052,-1.6497506878472135,-1.7009081745971604,-2.74786429619101,-1.377266933394233,-1.5717115590040687,-3.1494284652626714,-1.8502220509658749,-2.867900125521319,-1.6615277610617087,-2.120499368372812,-2.070565772339789,-2.056265169041452,-3.0657947411525512,-2.318185142496955,-2.3624834711526637,-1.586759528742547,-3.0148375557786187,-2.461498782974803,-1.8824691295916713,-115.69099614579596,Weak
70,-1.8525732437790046,-2.980598572301305,-2.384587984193992,-3.0586786054717923,-1.7079417431142596,-2.6253557114341532,-1.897861076514581,-1.3207733785039195,-2.9777356733814395,-2.4531513439458856,-2.2928083018377823,-2.9118482776991135,-1.8779810449003573,-2.821519005955019,-2.465086943368472,-2.775260774990934,-2.781437087421761,-2.115348823402874,-1.8373785312444493,-1.8041718795131476,-132.76476782448285,Weak
71,-2.152250693851019,-2.2394883509379495,-1.308125604187372,-2.7004897831875705,-1.775338644775592,-2.0457018666603415,-2.9414531270153406,-2.2829311760934514,-2.17787975049587,-1.9928573748345493,-2.635422308731048,-1.3605948726404165,-2.5231957248659693,-3.043259587420713,-2.436267213275743,-2.6831052265737965,-2.009771636420597,-2.795283487279165,-2.086417514091833,-2.469405144536572,-129.6446768581326,Weak
72,-2.600969777484364,-1.737206745844873,-2.5838036740344794,-1.2437463978348524,-3.1346573423127033,-1.2038448349957707,-2.314132482451735,-3.007513467935498,-2.6539993697575253,-2.811667888913207,-1.309344819786341,-1.432174854843504,-2.5899167185562035,-2.1426074659468872,-2.2960533347117913,-1.4270181938269777,-1.8209763633746814,-1.4173198415054507,-2.606749131731509,-2.7032104977205726,-111.64814610499103,Weak
73,-1.974075107836517,-1.3307213431197926,-1.2566342963451,-2.443348737949016,-2.0923627255744917,-1.4480545331175185,-1.403875765689644,-1.8092246048710512,-3.193632600586686,-2.8291984820981515,-2.7212674655199782,-1.382714961384182,-2.0543405648228794,-2.2546813653389606,-1.2626303287681628,-2.2345197742673464,-2.194891157336455,-2.8261800118163687,-2.561043350773976,-2.0004687384011954,-109.05845816029576,Weak
74,-1.989785325887292,-1.8716304691801773,-1.5497971507829986,-2.3685707961735942,-2.37196974972536,-2.03134150642205,-2.5069174243672645,-1.2652791818536449,-2.5149183958090333,-1.848772062640839,-2.047923149445661,-2.418837154942313,-1.761292105084024,-3.1495619255148135,-2.239835651759101,-2.96105020683176,-1.635851052846761,-2.866089497983949,-2.2963225665443794,-1.8108543971002375,-121.99738616239206,Weak
75,-2.53891412298959,-1.7939176682066496,1.3292016873701034,-5.201008928910438,-0.4623433887960786,-5.057310431957394,-1.4341309272331522,6.25070068413941,-8.579764602813418,-0.947478568024188,-0.40418849060989714,0.30559479365875397,-5.922798956813673,-5.124102130029957,3.513087875102972,-1.658561855121981,-0.7522568214381593,-3.575694075186721,0.9379281860710726,-7.375914924637648,-122.83375548804005,Global
76,-4.628735100522412,-1.3814632829038427,2.100551152836683,2.027776713967839,-5.059325521495774,2.012830379820814,-4.929110729263588,-4.0717929225655265,-4.460835002960977,-1.1548892841124818,-4.948121673132353,-7.616796998266211,1.6028683882559402,-1.180006891244954,2.930106544607243,1.2057305257864943,-3.5938280712448734,1.7067329884394145,-8.67654445672474,2.3819613516575426,-75.68007002026219,Global
77,-4.4763764444371485,-3.196984413267314,-3.2574062303491536,5.385650555923018,0.28909025581784675,-6.758005588547804,-2.1809723196426445,1.1997414363117187,-0.581466289882064,-2.908633412162713,0.9493554274990572,-5.760395313913069,-8.773013356690191,-0.5209613423642434,-3.443008566117694,-3.0512344677494863,-2.7739850430615505,2.3530577009297815,0.7156896393412708,1.3002790652770742,-146.6970395069394,Global
78,-2.97802145571114,3.1167834896215005,-8.229691497593766,3.6680382066612545,-4.89665601583903,3.465109924833911,-5.151489803404634,-3.40707525953073,-8.596915555683953,-6.3958997010451135,-0.43823403695725816,0.04701344741912905,-5.523442235762548,-4.383578005214526,-0.8913791179410957,0.2576123009619895,1.607124343247646,3.3121898871105664,-1.9369289742168032,-0.8577878502454794,-117.78468756587993,Global
79,0.08574804288955562,-1.514624434848777,1.3272858836095622,-8.268863674350854,3.786894316494948,-7.3874827572616875,2.2541368566688202,7.526996887089894,-9.370943207096598,-0.734020586724542,-1.546029250500073,7.347567372235492,-0.4431245975317566,-9.456821030292906,3.2797702583483908,-7.176297570892681,-1.8747775040364605,-1.8299937718935695,-3.7427717248852055,-6.134971003633503,-189.9774525106117,Global
80,-0.03921480174121328,-4.818367253159712,-4.6399597513265896,3.06472168919802,-0.06377767617179231,-8.283435773653968,-9.203680145442837,-0.8987233851897773,-3.1710887319324454,2.074248180205009,-0.09510012571563209,1.5063436585628338,-3.9236110101305925,-2.1177857457123768,-3.5377989244194126,-7.932243593588753,-0.47935828382075485,-1.2118234319954162,-5.094727991409565,-5.497028543943864,-100.34294183037436,Global
81,-5.858285706677375,-5.251083295683157,-4.800275882750764,-0.49233876505943464,4.7072567538156544,5.929220963331542,1.568518162711264,1.1986329503327156,1.641410291257376,6.018248052000523,1.4218445646036955,-0.8512229215857872,-3.6707621925629645,-0.41512633639643326,-1.5877725212284872,2.5368613866363727,4.20386802378083,5.257559193419354,-0.23281102444920698,0.13810949820531881,-110.58370447945875,Global
82,-8.35504491877695,-3.774201528037196,1.3992009109387915,3.4696304185838187,-4.418107000869275,2.51642077153571,3.041652336115458,5.882655291922953,-1.9285582093996254,3.2144277978364784,-0.8856931873419853,-5.708405489081361,7.003067234246487,-0.8407359598657429,-3.8352796060018024,-0.23433526697343154,3.9928943809572317,-0.5492666396971053,0.05376229303104907,7.667570213472768,-82.20624823831156,Global
83,-2.870892886130836,-7.043206794416285,-2.23614113508863,-7.037781602121171,-0.2873434946019575,5.57650400537435,-1.1769750165290844,-1.1330603173770442,4.790107891477653,5.365815249390666,-4.393697463759532,-2.5634659638026447,-4.644758037101515,-0.5590668369586886,0.6384197534036034,-0.3971928537162306,9.067029723405831,8.56526040995923,-5.84771930332618,-0.3586828910132631,-209.16642819393405,Global
84,-6.223388929868216,-9.005815340625723,7.077835876622444,2.5034203558046144,-3.218959065968143,-2.1140007186667837,3.3433814200070895,2.7195131836924205,1.5532337751682608,3.793243860734961,-3.933640148922608,-5.667388238999862,8.917626860196805,-2.4636696564097926,-4.334716158858834,-2.976205956627897,6.605304633424794,-1.2445904591393404,4.180424540866506,0.7729244345266579,-177.54710333065583,Global
85,-2.454795008141623,-1.8934232663776958,-1.2004055079458258,-3.069414382501754,-1.6211305372301301,-1.5546080535861142,-2.1555584143294793,-1.6611797458129431,-1.5828782456380128,-2.386028237245875,-2.2191825918860792,-1.2011535465714518,-2.4386928705328943,-2.317701344679259,-1.5740840183583065,-2.7777481271603714,-2.701501073902312,-2.3829965196766687,-2.5860483228261657,-1.698068490639486,-113.7580234877402,Weak
86,-2.6904734102542687,-2.9252724561539964,-3.0495000917801955,-2.7324080165392735,-2.672836491790976,-1.7922796831162817,-2.114139833258613,-1.739352136609244,-2.701765603513831,-1.7238107596445442,-2.2948385922074817,-2.0410114637674446,-3.171468022275662,-2.240116697800044,-1.806506270526554,-1.2562069636269517,-1.6831234890151743,-1.721176625078266,-1.976945316003973,-2.8126713678228334,-120.11593142534751,Weak
87,-2.1699496557843414,-1.6664466250289776,-1.5456558423017626,-2.2613219118015806,-1.2614355447596297,-1.957348812716351,-2.0754253321608793,-2.4261223651578514,-2.2472408651093474,-2.516377195141531,-2.181670359302165,-1.564849953120801,-1.462269384833355,-2.863989910337432,-1.909921027507465,-2.83894573011034,-2.64562126589479,-3.0519302025180854,-1.8804536281213824,-1.7141345927721425,-116.90759548758304,Weak
88,-2.799117696522491,-2.0785933786723145,-2.7966416282254354,-1.5628011677588127,-2.59697115403962,-1.5396336153425785,-1.2315348859438322,-2.2406148970959654,-2.8984614448711046,-1.8725619285027506,-2.635617737818035,-2.7283031254052466,-2.5639925310937954,-1.4955389300576176,-1.9229090822334123,-1.7918563077613816,-1.9811984329655794,-1.5356708283149576,-2.3506323949972865,-3.193360790355757,-117.18582136963087,Weak
89,-2.608133388041644,-1.7415159485788416,-2.5910635805892284,-1.2370370769463037,-3.1379082144545154,-1.2000278333802874,-2.3411939970297,-2.999405110863912,-2.647200775841721,-2.803196993730009,-1.2347081248013942,-1.419638962548075,-2.611977586881831,-2.147459983288286,-2.268319050279989,-1.431027519632055,-1.7800237483197683,-1.4156175205049677,-2.6172390023136725,-2.714223007729681,-111.10630509260228,Weak
90,-1.2434012139716322,-1.4050260929510479,-1.2684417860024282,-3.0685636602785618,-1.624595473820056,-1.4935666031946062,-1.7341997544503924,-1.8572286975486605,-3.0559387496287123,-1.9908921442906924,-1.8298089270077054,-2.2895460265966427,-1.7198210989006848,-2.4877376890902085,-1.8059956021560453,-2.739364072617817,-1.9936196203683458,-1.541555571840437,-2.2413024583065217,-2.35937995236734,-100.60786352651256,Weak
91,-1.478888642850755,-1.3098964427197006,-1.305901778161835,-3.073647586153683,-1.3831687960005634,-1.4214771470074503,-1.832282262979405,-1.4871935356378554,-3.104089219073059,-2.485416547551042,-2.1577574647812225,-1.643571961573934,-1.8933825404703486,-2.624365032968434,-1.9855106380352907,-2.5236011257688458,-2.2996499003680206,-1.6354747846011748,-1.7275786288141017,-1.5930602951945123,-99.26745635475166,Weak
92,-1.3045401299683415,-1.3057291208229151,-1.2320834289371947,-3.0766153239048473,-1.4621250930774803,-1.4034372823219432,-1.7319003070833383,-1.685841633220427,-3.1013181207737737,-2.2329852786503124,-1.971469200330493,-1.971794935599262,-1.753419560444048,-2.548543653976703,-1.8625212125348927,-2.6246240388921485,-2.1087349371416555,-1.5696778076857554,-2.0286138631081547,-2.0116548191698285,-98.33966821957071,Weak
93,3.539746508681251,-0.8080152132733396,2.195745231807617,5.158031785607191,0.13144590693309866,-5.371297204639111,-2.66245112937765,-6.0023466737927595,-5.444713098235545,2.362238150775056,-6.66127715800225,1.2809754953573353,-6.758718267528576,-0.10184777754095542,1.4641435489865344,-2.3124622357374447,-0.2991678521034089,2.5030529615427035,-1.9129776566748564,0.6957809668675203,-178.37578782188126,Global
94,-0.42497326159179494,-0.7566041446224041,-3.6597430264784503,1.1055777781247595,1.6974155114193064,1.286019254115125,-1.4572726726320244,5.16342763152284,-8.399628229214555,-5.609990620202979,0.1860869855633851,4.158035173876833,1.3142408022778884,-1.7476962929201996,-0.34474528090451884,-3.788896776152413,-6.546642426638332,-1.0298396974994333,1.1187498520753394,-0.41426493870883263,-96.38502354056337,Global
95,-6.127323198560257,-1.3162133182213402,-6.320046169036983,-5.163372771914032,-4.9145640804943085,-0.34652565745478725,-3.8063237668292,-0.5589235312781167,-6.9793477938300725,-1.2001093915757348,0.8831112980869911,-5.047679529669309,6.854222528036516,-2.6757872878997553,-5.155732429350646,-6.264102089229011,-3.071807288100432,-2.350315634051219,-4.031704631783386,-5.605043330166253,-230.7995464314739,Global
96,-4.614947295456179,-1.3722181635585402,2.098226346975339,2.030025467535947,-5.068637148853799,2.0135929310875156,-4.9340689275016105,-4.053192750278344,-4.440497791611647,-1.154857267258404,-4.974941174941717,-7.625660808155508,1.5959816262799509,-1.1703355139502447,2.9434762367660654,1.2120585076300352,-3.583820558368075,1.6877581772119052,-8.695886370666093,2.363309717869756,-76.56952511773618,Global
97,3.5454366782480164,-0.5881799221907755,-1.1799245443608157,2.9436838164359713,-0.4036445091939065,-7.660377577786617,-4.892769918036364,-2.4413285202447614,-4.834744474635933,-2.905962113120779,-1.9209486296599572,1.9761743665020841,3.034158235924007,-7.400215980376384,-7.3710089979867295,-0.7265962699423749,-0.4571886114856518,-6.524809297451782,-5.489130016113439,-5.490150455168308,-162.56576459535418,Global
98,-4.589450011181597,-1.2001423353570377,3.7408844672396633,-5.205477811295703,-6.3825271364435165,9.757818162827633,2.197953743927325,3.3265168002368988,-2.229045849351687,1.8638545206299924,7.970034331720786,0.6523966506361809,-2.804606448201705,-7.558526417177354,0.6257386378676255,6.4679046058858205,-0.5945202278463508,-9.233044646416545,-1.6448465561786598,2.1495669310360768,-205.01769923928734,Global
99,-8.663059473777972,-4.114221597047589,6.043244180255726,0.45533704931794006,-1.8227358033465748,3.7394365182215346,-1.105860586786724,-6.568802105076996,1.3169472048389892,-0.43398935011611783,-0.370616961904112,-8.272147368329525,4.094008329791494,-3.741282126877463,6.472941336817513,1.772226058984927,-8.77408838395614,6.2751761871317555,-7.978488617019681,5.8430904440071885,-141.85949662128164,Global
100,-5.565699108072777,-4.490499905076943,0.28816997059723093,3.3801479948147595,-0.5220511036900071,0.44595254670648465,0.548659782156113,0.2005882908012886,-5.378047411358786,-0.005211160666290127,-3.557307921641777,-4.760422099330559,6.206206642239621,0.0584502770388422,-1.7443401837427945,-7.250581326189209,2.5193322808525487,-2.904426235724187,-4.815431789450068,-1.0826475470766113,-116.43603425168827,Global
101,-1.2651583678441973,-3.951486944450733,1.7039167274565674,4.107461421216801,-3.5897084478529244,-2.4638645100739147,0.8907448045098949,0.6026211199688518,1.7615626900926085,3.218891814752741,-4.138205643456542,-3.7059132036141946,-3.0782659953980733,-9.516361551821163,-3.3130952002895526,-0.7739595141579088,4.596160240611342,4.922598657553092,3.6889544626369535,-3.0800968529728134,-108.69638535572764,Global
102,-0.9959423860262255,-6.082863022477822,-3.4754165262800063,-6.742615144132785,-3.148398577480089,-3.9874882864316312,1.7191606475165848,9.22392709880026,-3.8854993930209787,-1.7513037351875749,-1.7154045338081723,3.100363787749913,4.283899408969727,-3.0229719119787397,3.2361048675359463,-8.372491145926912,-1.1736078200543467,-0.7233406469165296,7.440181083700406,-2.003948767623937,-163.9357392594501,Global
103,-1.2744981926400902,-1.2971611383189732,-1.2017280502169452,-3.103627932208813,-1.407516239471706,-1.3654342447826804,-1.6980562833840254,-1.654522786606782,-3.1382681245980715,-2.2537542686946446,-1.9233552326559236,-1.9910047883896924,-1.7136883622545434,-2.579826205260039,-1.917061342489245,-2.6680591681293064,-2.0752755326286203,-1.4847452650889448,-1.9691554475234554,-1.9818184190792085,-96.06339418036134,Weak
104,-1.2178450610755767,-1.3056113542078038,-1.2000000000000002,-3.162570484634102,-1.2981493896442036,-1.2940088904540268,-1.6261224900421896,-1.584316888930953,-3.2,-2.304372137360842,-1.806087400920866,-2.056076288125664,-1.6303415405103887,-2.655802935060821,-2.0632186537994524,-2.779974999103296,-2.001932192997593,-1.2866110538063222,-1.821915644106809,-1.917094401605061,-91.74034081025053,Weak
