,x0,x1,x2,x3,x4,x5,x6,x7,x8,x9,x10,x11,x12,x13,Target,Hypothesis
0,-8.823738397845451,-8.204572544181165,-8.216938541050585,-8.368325045384632,-9.928220828766293,-8.616484836482233,-9.242638115989184,-8.962978109103839,-8.684097068882373,-9.612299564234103,-9.455367195866833,-8.56278813279767,-8.43399278108198,-8.299344720450009,-10076297.913316598,Poor
1,1.762616021545485,7.954274558188359,7.830614589494161,6.31674954615368,-9.282208287662934,3.8351516351776773,-2.4263811598918377,0.370218908961613,3.15902931117626,-6.122995642341033,-4.553671958668321,4.372118672023316,5.660072189180209,7.006552795499907,-1875779.9424309682,Global
2,5.504897879887254,-9.266713871578284,-7.666125297342097,5.025613989754019,-5.21563567600781,-4.903879721157065,7.152510623395251,8.995580522286055,1.2337371602231588,-6.424389603000469,5.405038662768005,-0.1523792077090107,2.6250613112709065,6.789958458274118,-2579970.4322418096,Global
3,-0.7792120741513848,-0.0411985338538976,3.5882223510650153,3.015718282466601,-4.624095225112919,-8.653506661219645,5.428902767171255,-0.380317354007083,-3.4158718453270653,0.21282112350303528,-4.727423426798865,-3.7897689990740524,2.5370687543270005,1.148996211445649,-793604.531042745,Global
4,-3.62840880840396,-2.1031355828314524,-4.840508282696296,1.644822465704312,-6.7674257911242535,1.9626763953003952,6.516471545120204,-6.872165629781055,4.686010386341062,-1.8271313584235553,5.573758087266603,6.079411352220173,5.721428870537014,1.8457403731162572,-1018389.811074486,Global
5,-9.862054204999222,-9.970465234148897,-8.793126621195526,-9.895707109017104,-8.149782453778222,-8.231632052834916,-8.197582343106824,-8.703510470719156,-9.937947908466091,-8.876312839120962,-9.844958104911184,-9.835718082226384,-9.888624357215019,-9.757111747014179,-12029943.28470926,Poor
6,-8.852204507261023,-8.486618053762337,-9.83790167497078,-9.78596191443344,-8.599910786067529,-9.540483565769966,-9.783545474455853,-8.167536185014805,-8.433410706929589,-8.545161372133295,-9.17532270610683,-9.091863065454094,-9.761624331152067,-8.963946684976227,-11129304.403001362,Poor
7,-8.156830784396842,-9.53003061839004,-9.129351571763046,-9.230454371580322,-8.223328138528974,-8.82357917358994,-9.858938032884774,-8.835283365202109,-8.081800928377126,-9.110633494281398,-8.688671157366025,-8.257034781276127,-8.773463080738072,-8.239616669579664,-9943250.071815906,Poor
8,-8.331680569361641,-9.944971239743495,-9.997347141900807,-8.928518055970775,-9.196714914386634,-9.692739725930563,-8.685702113924812,-8.684097764079311,-9.475498650900008,-9.956025407482525,-9.803860335046366,-8.971968494892298,-9.047620786786812,-8.68698006499694,-12070887.53234571,Poor
9,-8.134322212260635,-8.996510020148817,-9.88385329780176,-8.19193852942712,-9.282595627533949,-8.94225054336613,-9.405631478662801,-8.279911232841846,-8.149692162835628,-9.103073966910047,-9.920801175974846,-9.664489055988142,-9.066022788236742,-9.659558861751906,-10816606.211034585,Poor
10,-8.658678494998643,-8.479141083122709,-9.67510232246816,-8.54905956748597,-8.093993960415728,-8.904416098103765,-8.241384199910824,-8.916671076798139,-9.130026171164074,-9.85940410217941,-8.609026392104811,-8.614878966232835,-8.116091807372845,-9.089741619250809,-9674513.441357644,Poor
11,-8.496145124814744,-8.026161333282216,-9.207538735542656,-8.635178115693712,-9.490857313510142,-8.287098040111424,-8.283517946940515,-9.51928640311575,-8.7479681394969,-9.513891893903386,-8.741416399538608,-9.906971787816836,-8.272962885570376,-9.916200540768479,-10140697.685197338,Poor
12,-0.77920450212172,-0.041195938753526874,3.58818446191084,3.0157269892021876,-4.6241196329421115,-8.653418546180413,5.428884419735897,-0.38032462924987437,-3.415811117275468,0.21278155133602297,-4.727365723350274,-3.7896980460105674,2.537091551024412,1.1490272711795955,-793577.4790229598,Global
13,-0.7791694546548023,-0.04118617102518588,3.5880117652391235,3.015766609341267,-4.62422961201593,-8.653021445989788,5.42880243254069,-0.38035670783112674,-3.415537401578079,0.2126030841416532,-4.72710459978306,-3.789378500068333,2.537194124527505,1.1491678390748215,-793455.5337518918,Global
14,-0.7785637681282276,-0.041015981693972074,3.5850329435787964,3.0164499349091614,-4.626128792268547,-8.646172090410646,5.427387070354374,-0.3809122327991029,-3.4108153737677873,0.20952271488990912,-4.722596783129471,-3.7838626623304483,2.5389625917786103,1.1515897806747342,-791355.0366826735,Global
15,-0.7655436975498637,-0.03735833438634171,3.5209545373961615,3.0311439518804004,-4.666977170913947,-8.498842729491287,5.396950281575697,-0.39286620851343623,-3.3092446183840805,0.14327368717254163,-4.625630713908987,-3.6652173983252676,2.577004391703673,1.2036813201062024,-747567.8845918947,Global
16,-0.7542731362192162,-0.034204621075472244,3.4651594608316336,3.0439017451873887,-4.702495523514756,-8.37066131074309,5.370533214864961,-0.40332668230485524,-3.22086969219524,0.08568046789008076,-4.541214873145018,-3.561973244197041,2.61011224646762,1.2489584028204614,-711585.2485279681,Global
17,-0.7276310205700854,-0.02704625393064338,3.324967918720965,3.0750195292381237,-4.790514760210234,-8.05114799997038,5.306267091452371,-0.43095886570939307,-3.000448525554021,-0.05671770987393998,-4.3295069459891256,-3.304144917022443,2.692892370786665,1.3606967193606028,-629991.4955270853,Global
18,-0.7155429864856014,-0.025496573105661186,3.2124676034513686,3.0947830022981084,-4.854420735377112,-7.808812649429277,5.266300560408773,-0.4607039785674988,-2.8325237518319692,-0.15822364363394212,-4.161811636475379,-3.1059405337026984,2.757083437509618,1.4391675522767622,-575262.2431553752,Global
19,-0.7566867184754188,-0.049369857904550805,3.058229104240589,3.089477614118938,-4.9003455354883085,-7.563862895083507,5.283425927152619,-0.5487253477908697,-2.6578508652311146,-0.21815885667318982,-3.9455922827568495,-2.8881563513057205,2.83119147024419,1.4772228121805258,-525494.0343576679,Global
20,-0.888248636996113,-0.11294264727239527,2.9372471179679724,3.0294554602748422,-4.86461229568044,-7.522299007404114,5.420553814432137,-0.6991777058063422,-2.616601941213403,-0.1287598437608587,-3.7997783986897695,-2.8104469792640896,2.8652776519139587,1.3873378969505101,-517744.0649489966,Global
21,-0.8279712406502369,-0.08520241349677496,2.9455900052676283,3.0625132284901855,-4.904221285477966,-7.446909542138877,5.347185566036714,-0.6468563249860757,-2.569723456099467,-0.2054661644867979,-3.797315190761784,-2.767323351496917,2.8755148925057465,1.4554650419668633,-503943.8360109258,Global
22,-0.8248442124949552,-0.08293216284086277,2.8296573215317258,3.079789505605032,-4.966467172963041,-7.198593670191815,5.314679663087189,-0.6864917094980856,-2.3984600166683188,-0.3013659279611438,-3.621659454568317,-2.5620963726189205,2.9433272398336454,1.5288418632936769,-462718.51793711964,Global
23,-0.8284450741670109,-0.026835931429792986,2.7299030432789473,3.1151368651877487,-5.052795018760216,-6.8472542537221255,5.258317729408787,-0.7441974425224293,-2.1732126233804236,-0.42316407563587033,-3.414634474498442,-2.278932299064751,3.045226172650241,1.6277781696754137,-413783.2670698623,Global
24,-0.8920477360848611,0.14857042896577294,2.8266791558395417,3.1523702783026004,-5.0911962083884275,-6.618192867884124,5.230467356743409,-0.8283247859893801,-2.073236061841216,-0.4316523877456546,-3.3702164469721407,-2.1034355971292946,3.1356357185267845,1.6488154544561697,-389262.1902120633,Global
25,-0.9370988773342294,0.24935828948648678,2.9279098124790943,3.164431403077423,-5.086416681552192,-6.584733390073184,5.233268733140015,-0.868844785218175,-2.0840709611098966,-0.3923330202552371,-3.4117104153882023,-2.08211588850062,3.162304812205512,1.62636637831749,-387595.63761444774,Global
26,-0.9245552690646966,0.2310602925906934,2.8903020438053977,3.1667453699179924,-5.098681737677276,-6.548871935093192,5.2246156947596125,-0.8634404684160272,-2.053024077953498,-0.4188661598243838,-3.375585665198065,-2.0521563944598573,3.1682307147384283,1.6457863654523153,-383083.68876094406,Global
27,-0.9446934480507204,0.36247671061735726,2.9104631456943464,3.2300958199339425,-5.1495565825643705,-6.2394578522228485,5.199355744487979,-0.8802284375575431,-1.889916761550245,-0.49313971892221503,-3.2358514810956462,-1.810490420725156,3.2761002766304856,1.724064409202751,-353769.8246421877,Global
28,-0.9300933663381341,0.4505742906231665,2.9997650455392275,3.3863899983278034,-5.055046957572202,-6.061394474996087,5.387277005137504,-0.5996376032146123,-1.852587162796584,-0.508902043318586,-3.0532870530556937,-1.664933836552279,3.384142871826496,1.8032265466180253,-341972.1545798553,Global
29,-0.9371417190962249,0.4639299079605325,2.9757652070978122,3.3492878625872664,-5.1119259724851815,-6.024664712475002,5.298243954383686,-0.7100664222207921,-1.811396079205945,-0.5329070879723179,-3.0819654906076757,-1.6406449892632327,3.3778263676091878,1.8034523510738296,-337775.289386308,Global
30,-0.9236687294958581,0.5113806552970066,2.9889847945774477,3.363938204723921,-5.149579445859552,-5.933893927658977,5.242067118116629,-0.7260214966571932,-1.7583627541935634,-0.5760315096181429,-3.0727182953294263,-1.5777170528110678,3.4000636890989666,1.8398264465176697,-330512.43024949264,Global
31,-0.7253583153775738,0.6484378800164068,3.136421945934918,3.4692974654276116,-5.250812594354572,-5.823683692972343,4.986710774544267,-0.5474011839435584,-1.703020005816678,-0.7733308421029151,-3.2084265490095865,-1.5560109787791605,3.3986836927101693,2.027667179214139,-321040.14426334156,Global
32,-0.7976782047662138,0.6384715778968443,3.0889538924973095,3.445454342848921,-5.241600399815017,-5.775996059063396,5.053907499350368,-0.6198670413450104,-1.6810031899802662,-0.7297384795793246,-3.1334705945996366,-1.5008747772398834,3.4240212115908535,1.9824450968435348,-318490.0758587681,Global
33,-0.8036194534020626,0.6477113788977054,3.0841204504188253,3.445425002623605,-5.258461502825978,-5.748885764037461,5.049980273428728,-0.618836954122357,-1.681640146266524,-0.7344290066206524,-3.126928704131729,-1.4861143233876322,3.4275326498118255,1.978968759441542,-317495.03159262467,Global
34,-0.8481407073084205,0.6653380245358076,3.0248688974608533,3.421167378284753,-5.411381687304199,-5.648421723965025,5.0468594801486235,-0.5319426058828073,-1.8250007997281468,-0.7391332252884419,-3.1402546934518094,-1.489085768283892,3.394586244380404,1.8886105151539019,-320934.3281189222,Global
35,-0.8157618217932168,0.6932961670132695,3.08054571052582,3.4516379221527385,-5.310365795433816,-5.640859322294888,5.018986414777824,-0.63206292345478,-1.652146383258164,-0.7622282446079244,-3.1023384238734653,-1.417290341590436,3.449640962388798,1.9874319645050438,-312391.9632963735,Global
36,-0.829242620539971,0.8476646693718559,3.1400853762260144,3.4552190192567576,-5.413002176204736,-5.370480396752736,4.8764250113139695,-0.7471950253539142,-1.4931728482604105,-0.8621130276015327,-3.066285765571742,-1.2359796558992013,3.5121991028637565,2.056719099401218,-297853.72040908964,Global
37,-0.9027857718465725,0.9592976390024299,3.299427210588891,3.312312184818343,-5.464389451192085,-5.213208057335311,4.7955486153515015,-0.8704061505653345,-1.38522918817492,-0.9744237566375691,-3.0267233208862065,-1.2316903974196778,3.471131354252976,2.059169520661401,-287578.6583866936,Global
38,-0.9283997602656429,0.9534915780915433,3.3623588469533745,3.2330238612695235,-5.449686407687351,-5.204863905671394,4.816999856568394,-0.8583971809226478,-1.3700448744141906,-1.0242890671175342,-2.9834206126489233,-1.2900215417710084,3.4239449838295877,2.050993707254061,-284855.65048986435,Global
39,-0.9192465261605178,0.8939697249062425,3.3616168839396043,3.186003432233781,-5.4196718299959254,-5.20722410018194,4.866271640664916,-0.7844818774902145,-1.3504005674108817,-1.0832146609383917,-2.8997261229608906,-1.3350593633103527,3.3851841602053296,2.0668853634477644,-282029.2341312606,Global
40,-0.8869905556825071,0.83490990217263,3.29132130288214,3.1756442136836394,-5.430747330544189,-5.170982970273099,4.859642438812528,-0.7600485275311896,-1.2995905061611468,-1.14332015454895,-2.828661455012578,-1.3120439336516445,3.379727928379955,2.1036261610507365,-278704.1570540088,Global
41,-0.8445577271171897,0.7732082228344278,3.1821657936416012,3.136547229843498,-5.506074677006307,-5.121227182236295,4.775047153625072,-0.852470516204726,-1.2305465526214578,-1.234898353589493,-2.794209759214085,-1.2830144254602518,3.3782364774832354,2.135043856767525,-276971.81127336115,Global
42,-0.8668394696506881,0.7859614447681408,3.1924622861421166,3.1394944498876693,-5.482128468938003,-5.104386263109569,4.771568123484557,-0.8101821893593524,-1.2094768364549426,-1.2048327813499287,-2.784398657673755,-1.2570172152711794,3.3602010083740974,2.143278993400166,-273464.1534873326,Global
43,-1.0442589598582175,0.7543273185375428,3.102694132138021,3.0173445794506826,-5.3916006372736,-5.094290744060744,4.520971771566649,-0.6465743509062378,-1.029370199958101,-0.9595062879948119,-2.834383966675517,-1.136269008721905,3.072729230413357,2.1735171764292596,-249312.85947451796,Global
44,-1.0828625074411604,0.7209879796441905,3.0727196477573804,2.9699663008883204,-5.365732659184552,-5.1432317363102795,4.446455271227593,-0.5986036690661566,-1.0072906103206312,-0.8895258569366417,-2.8750362437503165,-1.148111525062109,2.972116516122229,2.171871975206202,-245662.75701875336,Global
45,-1.0928437182669224,0.6652886075798982,3.062772624241226,2.9136666776018205,-5.32384191731562,-5.252288344216738,4.370221959902594,-0.5160266137712637,-1.0072188105783937,-0.8331255202428941,-2.9354048456638147,-1.2150784771832384,2.847324105968146,2.178314304921801,-244544.21962663942,Global
46,-1.1295319035014824,0.6725115276276473,3.0375918546477276,2.917225623132395,-5.328993257274655,-5.203512929898478,4.378507412040426,-0.5425440278994617,-0.9885010810640583,-0.8207671306680452,-2.927670928403605,-1.1858219008147193,2.8581135578453134,2.1669693650910706,-242383.07400596867,Global
47,-1.4310597895288373,0.5612058603620746,2.8629481194181783,3.016694099020596,-5.158985716906014,-4.965015406555374,4.5193156938420405,-0.54832445657024,-0.8581580463382653,-0.8616789074874093,-3.173501563328488,-1.406614527608837,2.8154435805562756,2.1495527018053484,-226771.68915360878,Global
48,-1.4321389629228392,0.5639622712181913,2.8647667115416056,3.003941875203505,-5.162236277162124,-4.966388175385679,4.5113277205171745,-0.5478582766042819,-0.8532075202768159,-0.8518964812694759,-3.1562768863399033,-1.3899255259510284,2.8083126347180523,2.1481070173281864,-226231.16932278997,Global
49,-1.5062540854063986,0.5390241178304219,2.8640587303461844,2.921780817359859,-5.105768827972023,-4.935029980511325,4.5306570440342355,-0.5337048548181649,-0.7688037756725447,-0.8176878852706476,-3.055183666186314,-1.3525588011637333,2.7440491926346318,2.145615257219655,-218371.67292966368,Global
50,-1.6783927283763151,0.40259039317687767,2.877404742224457,2.738654660514881,-4.861449370393173,-4.9123827642640565,4.6926138952839205,-0.5124799207415546,-0.530719849870974,-0.7839968654363579,-2.821629948295172,-1.3799330388471938,2.5824583321183248,2.169181601854682,-202002.6097469565,Global
51,-1.6862742182741677,0.3090791838523926,2.888598785385479,2.6897002618897226,-4.744596559706027,-4.953505003577179,4.820396452311214,-0.560827156256674,-0.43568489566067164,-0.7525829950177211,-2.749144798322077,-1.4052195635713574,2.487576504560174,2.206112319761186,-200922.23382939052,Global
52,-1.7541290178260092,0.33586544349231895,2.8768498700372818,2.66439764178727,-4.723343087235592,-4.956808181889143,4.747526066287684,-0.5014525561118691,-0.43020744941712347,-0.7917897601258604,-2.71408020708608,-1.4243378327531737,2.571397726455132,2.1727633958250427,-196480.30026013328,Global
53,-1.867769495185631,0.30556642096648307,2.8155910919348073,2.6202789464068723,-4.567857103539862,-5.0989809587793244,4.652798525128169,-0.48707045673007926,-0.3561250058020933,-0.8227838014180829,-2.634322135285512,-1.48760452632725,2.7497826518334296,2.130880680102582,-191052.99648146643,Global
54,-1.8736199976726213,0.3055829276936915,2.8051098645853525,2.6257055195507837,-4.554648041722841,-5.110308944392707,4.635361685868317,-0.500929931502212,-0.3407955136453987,-0.8176782709272508,-2.6391154219579374,-1.4823716005366228,2.7669943410254727,2.1337119216846454,-190511.84246980125,Global
55,-1.8719923005063293,0.349501897452707,2.8155774470631814,2.6663894115937152,-4.523838096132018,-5.053545714345674,4.549721723831049,-0.5703069312607632,-0.21172007508709653,-0.8062372059791107,-2.6780302270710106,-1.4030219125320682,2.782531512850007,2.2079742806701015,-184252.43613711518,Global
56,-1.8444557710309044,0.4396332441815797,2.946484297658793,2.6877536138806017,-4.464331403030252,-4.945332879515735,4.429837674415895,-0.5905272945386592,0.010492949274869523,-0.8833928370198383,-2.6776900811926065,-1.3523601078586178,2.7977782990054822,2.3687855040617487,-173479.66435991766,Global
57,-1.799470023745598,0.4896716432813357,3.1239448205419076,2.656386364061873,-4.466044733459962,-4.920856283394109,4.34282886656213,-0.5389950409214054,0.16256124362869603,-0.968161502126786,-2.6267861568908737,-1.4964215160900138,2.8361896306411514,2.552948192459433,-170457.6106139146,Global
58,-1.7962937587894363,0.499493202155365,3.1139680281859667,2.6622764708994238,-4.3924705627923375,-4.913002074245375,4.346079623774499,-0.5377873637767556,0.15307362712303643,-1.0346433419730074,-2.6514977995635833,-1.4008018224419085,2.8077255684538174,2.4894242559780686,-166905.92843039584,Global
59,-1.750722407148731,0.506898638282933,3.177187635298211,2.623494860961035,-4.25106763207693,-4.951150628322722,4.300628055823577,-0.5073201424792146,0.16045782728039187,-1.242456308981278,-2.7111445293384273,-1.3523010713886647,2.7346444125090272,2.4255583431002368,-161757.62191734146,Global
60,-1.7510953092223882,0.47131451004910196,3.169695527017848,2.556093707958272,-4.235004576734501,-4.992306261255212,4.241042186552187,-0.5415229497116397,0.15669756603444768,-1.3126666253360868,-2.7772890441793985,-1.3986170487066174,2.652483344234675,2.38948773711811,-161256.55044286235,Global
61,-1.7403983381893855,0.48200095237202084,3.181388678477224,2.58654302794604,-4.20920533515603,-4.9938173616597465,4.263236072135457,-0.504645106814543,0.15267269858303434,-1.3140452828064075,-2.7657987181116543,-1.3798749968434725,2.6756702870076183,2.395857558127647,-161093.94589100522,Global
62,-1.7450192555516544,0.4834790978559961,3.1810427111802535,2.5842265644178153,-4.205995642876983,-4.9888824560395,4.260394655623098,-0.5040930017762044,0.15776984183322884,-1.317042086623501,-2.7640271025899454,-1.3766632798656555,2.675170224848944,2.394768205835464,-160621.036938244,Global
63,-1.8741669573939792,0.48306566156799247,3.1258314735805315,2.5585072544018534,-4.097711577338425,-4.90063234285893,4.196971716002492,-0.36843138202529796,0.2735920506066728,-1.3512891881224027,-2.7512626837418743,-1.368584512731347,2.640185143726593,2.378536872608843,-149531.24214443212,Global
64,-2.0705015570654552,0.5149626922539784,2.920880662940967,2.501437567097252,-3.964400346133673,-4.699161698772358,4.066104015069393,-0.10790540707886691,0.5723430280352599,-1.4053908536478659,-2.6766043547158156,-1.4177425075014742,2.54392438932392,2.3021776708906345,-129781.08014351298,Global
65,-1.8883590757420965,0.687629591056,2.6931078902586187,2.548263546335279,-3.995007557064463,-4.6650276238941615,4.069075265070234,-0.021588478349662182,0.8200070791411417,-1.4266405483557412,-2.572053343067761,-1.5476430610707825,2.4669948434793256,2.104148135269697,-126856.05708689007,Global
66,-2.0354313488910294,0.5698895366749109,2.7249158163618987,2.498365191512084,-3.946045581637725,-4.609684953761013,4.017506186493197,0.02221074083007456,0.7867068928338351,-1.465552700560228,-2.5799804362524186,-1.4814146132655972,2.4816149438467487,2.2081880951507675,-122089.42413494615,Global
67,-1.9930510647637814,0.37012338787646387,2.543968812064438,2.4726895630472785,-3.9722782161108703,-4.539628214427656,3.9506183623783033,0.08996983792933515,0.849640077820545,-1.63087328610843,-2.4573232739781963,-1.4066483077081506,2.490924873892347,2.3271286763259043,-117182.40189895131,Global
68,-2.0006952465726564,0.3746591960108433,2.54554153806099,2.4704133643374213,-3.966802169522447,-4.535598714742071,3.9482112296832095,0.09296267639386858,0.854609498233486,-1.6309755337017204,-2.4580509780803803,-1.4064772855118635,2.4895553997142947,2.323272050529543,-116808.5596810141,Global
69,-2.0673560974329424,0.40533252012628945,2.548742002458269,2.4229931955333104,-3.885281088032726,-4.475396900132419,3.907005176263796,0.08132103315628247,0.934421225555114,-1.7121028165145107,-2.4210877356935216,-1.3467052890124342,2.5081244363174795,2.278291513802044,-111167.68519858108,Global
70,-2.13903336082624,0.47408709187914705,2.577488057937821,2.2925300860790587,-3.6951224551856052,-4.370857232709234,3.853925888428145,-0.05839195833426496,1.093208182512952,-1.9414605950799193,-2.311730547227475,-1.2019723340049269,2.6380815260218684,2.1439102100503784,-101770.09719130424,Global
71,-2.1081007680143977,0.456771412536491,2.5829738774324933,2.2206835878497904,-3.634460245140166,-4.330181093080893,3.87761935399262,-0.11198406926691203,1.1144580643041693,-1.9722824019166874,-2.3090965349906973,-1.217231822691233,2.741050531423612,2.0984740375029594,-99780.02229351747,Global
72,-2.0515449280365776,0.41427751604141916,2.5780965900408472,2.1553975112835224,-3.604689890662445,-4.272958609278415,3.899356155833942,-0.09447410785869625,1.1081488096890026,-1.9250148991789784,-2.358013192626658,-1.2557682511880124,2.8039542179987342,2.0858319238587457,-97706.98093808802,Global
73,-1.9328726254604052,0.4100710930286986,2.6012219892219264,2.0569528896305505,-3.582701278323152,-4.173239322268517,3.8282408143009845,-0.012669886795634907,1.1112743148801032,-1.8288404433108134,-2.4375424564753563,-1.1406762556924002,2.765642135528368,2.077104144341498,-91767.05189853342,Global
74,-1.8208940874424877,0.4453070910509153,2.639658147404099,1.9515668171500276,-3.573454136256533,-4.18257073738568,3.7075745320234614,0.016074773108018064,1.1209936321975296,-1.7619451219223363,-2.419031977516835,-0.9735069468626493,2.7231088227860605,2.048571139064863,-88016.40588332024,Global
75,-1.8088503665081905,0.43992828582570054,2.6453163172407685,1.877931416546195,-3.5644617633014746,-4.270309634860399,3.6461308366500167,0.03471774834419662,1.1213300862615438,-1.7058270796574733,-2.3427844146918977,-0.9633373776382702,2.7418845913438474,2.033789110857184,-88092.36454089911,Global
76,-1.7702619655938119,0.4619569776289867,2.6486730268286927,1.908034928753233,-3.583579909634789,-4.213218613205864,3.656450892562833,0.0037861885507634286,1.125847606207486,-1.7436446572719189,-2.403612073524195,-0.9151926544182876,2.7278605024496616,2.0296672317069016,-87808.85057153403,Global
77,-1.775548662065801,0.4539903247030591,2.6577955594257334,1.9100130134352808,-3.539845974501456,-4.188118007422248,3.6643633082268137,0.013303544052148026,1.1094610309423434,-1.7333931100810918,-2.369299098679429,-0.9257975384415953,2.697004990297153,2.0362384402138454,-85692.40216903068,Global
78,-1.620235200536847,0.4699312656036834,2.641019446067126,2.0160954809511544,-3.2726234756541683,-3.9831611418580772,3.527015757517819,-0.17862346214874517,0.8673093338248922,-1.6662985121261178,-2.141675723179207,-1.0396235020590017,2.528142264092009,2.0494394692465177,-70047.78203455171,Global
79,-1.6063703455289924,0.4970555142236323,2.5962680960238935,2.082113259012895,-3.2415615987945148,-3.932998408748571,3.394665432532286,-0.23529556185644132,0.7798730645699511,-1.6394442599967773,-2.134914772537884,-1.1089935985464494,2.5551187299216283,2.057932343699269,-66508.70283459181,Global
80,-1.657350634187699,0.5606816360116618,2.560795855933519,2.158001266903757,-3.23058263639003,-3.8771621517889487,3.2065060198873225,-0.18287038235175876,0.7076641487010383,-1.6402581103299299,-2.1805457804457933,-1.1339061569841857,2.675125631887374,2.063817788555595,-63778.086763734114,Global
81,-1.664062178036436,0.578072974581061,2.569075099881987,2.1650203787995075,-3.2197485487381785,-3.862440016933909,3.1892315500563937,-0.14109417929435936,0.6965409907440651,-1.6592060691194195,-2.1765337355530483,-1.1179323773713965,2.703739719195114,2.0564632647089525,-63256.442223198675,Global
82,-1.6184929798807257,0.6058653919746845,2.5976240518223,2.1623281681886994,-3.2039226935459495,-3.832515408578218,3.2155292404760165,-0.0642036359867817,0.6363123957909149,-1.7258201787042482,-2.1175164639810933,-1.104637353932413,2.7232049027505845,2.0096901821081854,-62519.99670993665,Global
83,-1.616790923280738,0.6058319977310218,2.5970722155378034,2.1591217940765746,-3.202390696218162,-3.826656910649236,3.2132374864579747,-0.06264308396759068,0.6319486365941009,-1.7277331076243252,-2.115145708950834,-1.1067142215118215,2.72054116355368,2.005360032222727,-62298.189731111335,Global
84,-1.6527405410667149,0.5769571446025218,2.5841258131558345,2.0842600589783173,-3.215003608050863,-3.751048357716119,3.162857553084823,-0.059044125214213546,0.6177209671649095,-1.7439313440967446,-2.117250895989644,-1.1214727533329607,2.6628330286793216,1.9322345260130367,-59894.85218030271,Global
85,-1.7233711259272186,0.49399068908337107,2.598858884368656,2.0210554620434107,-3.25403836235043,-3.6632039540063444,3.0820285396748592,-0.06008785852359249,0.6303502142047532,-1.7647547389149805,-2.112316847123497,-1.117420333039488,2.598584926003071,1.800601219262463,-57995.11583558908,Global
86,-1.7209875777459556,0.44333200447944665,2.6361421798812024,2.064974385240161,-3.2620855225592726,-3.6582693916364817,3.0666727267603004,-0.06182234849333369,0.6503144960173821,-1.7536416515681632,-2.1001822540328243,-1.1134227283423415,2.605024137732353,1.7599002436835025,-58370.115373315166,Global
87,-1.7809845671453568,0.4954624672433326,2.5677710266974145,1.9829939715340015,-3.2707898047605677,-3.65078486429179,3.0663209565065275,-0.07881951997192088,0.6136318457745661,-1.796984870838685,-2.0932188472882887,-1.0746352038679874,2.586744625271859,1.776159294335024,-57699.523355375175,Global
88,-1.7857544580303697,0.49452739907307314,2.560691831871089,1.9830339679292062,-3.266165453935782,-3.64675351262001,3.0664608178933697,-0.08228397848434757,0.6092696186576135,-1.7958678805300035,-2.0882622152275094,-1.0661175461259504,2.5877699712943376,1.774352987130252,-57483.57012463285,Global
89,-1.7846282282066748,0.47402365873252467,2.479965499147461,1.999268828654129,-3.1952695467884356,-3.5994599811099888,3.092792101051691,-0.08193041337257714,0.5860439332951258,-1.726785137366533,-2.076496608230306,-1.0084801896246443,2.599768651715066,1.736812811606627,-54947.57219402711,Global
90,-1.7567078828376392,0.4584792585380076,2.330913828945331,2.0174677846694085,-3.0869154985290432,-3.552886828932099,3.1339710588413876,-0.03893889319303834,0.567971510241515,-1.6144451867598333,-2.108185076578814,-0.9475590477521546,2.601347317186886,1.6189692290225877,-51825.12358104057,Global
91,-1.7351387280841113,0.48235800735489137,2.2427228130833017,2.03366521795255,-3.024936101519091,-3.6340524753703054,3.122804869584838,0.005145704891123799,0.5756874811509739,-1.6378174934881273,-2.1822774854042115,-0.9465853070020692,2.557734071745455,1.490838198569639,-52031.317555977876,Global
92,-1.7319281014081955,0.4987020582099526,2.2444039942237803,2.010531698677872,-3.0984522425406134,-3.5227882246416855,3.1576248102621256,0.003602985388398951,0.5785738254973948,-1.5344970043896928,-2.128468740460787,-0.9400500249066761,2.606158101812905,1.5181921180583435,-51294.73226968046,Global
93,-1.732938347386243,0.4823763120088268,2.2467836008668365,2.0078238293822532,-3.0775912655594384,-3.523305292704767,3.1537034414658796,0.003515606289759265,0.5715514730730236,-1.5428601783886164,-2.134563877019913,-0.9367277112160255,2.6027536084788028,1.5282233872264726,-50929.17130487283,Global
94,-1.6851820315747617,0.37846428389183007,2.205014699096135,1.908113002858473,-3.01789631776227,-3.4490501713903265,3.1245941379224753,0.06688559546682264,0.49835447155857815,-1.501207849497021,-2.2089468784029354,-0.9061587184426744,2.615567700904607,1.528281927393689,-48088.187159318324,Global
95,-1.6002308208650438,0.27558144525892564,2.1785579588722555,1.8042466780740358,-3.0373229705972498,-3.423388603340021,3.069638557614415,0.11782889078787025,0.3906697139451065,-1.4704241134957503,-2.2897525668338874,-0.8582447182400961,2.645944640072877,1.5185707080786905,-47354.71886090389,Global
96,-1.6303349384503758,0.2874233361349465,2.1719989061835694,1.8042033063293843,-2.9954224587570435,-3.396432650716599,3.0817289693950762,0.1264864588663291,0.43273247410157534,-1.4804334953311034,-2.2776904245244696,-0.8794065611830738,2.636484787773661,1.5201093877096357,-46325.356405607075,Global
97,-1.5956053869127713,0.21429791268859957,2.041569136890175,1.6129843892521964,-2.848389804730598,-3.2195722515431315,2.991297221779685,0.21988230086615163,0.6211213787582232,-1.5909059274972925,-2.2393491844747944,-0.9144177419570236,2.718522811303058,1.4854214322976218,-40590.12811826134,Global
98,-1.529615170154587,0.19988676447084994,1.9792988765472865,1.5880662203045326,-2.839643112102962,-3.1965517814180986,2.9371698901244074,0.20322005478524127,0.7007518301626012,-1.648277264083876,-2.17958676849563,-0.9022284793284058,2.7657462196969536,1.4832079790705204,-39673.48761866441,Global
99,-1.498138310368494,0.1973415539469427,1.957134218056474,1.6062472831982315,-2.844782678502102,-3.196694981032808,2.9192761983600115,0.18870609804319605,0.7146898786810726,-1.656898359254061,-2.1573179504056075,-0.8924195814414896,2.7585399217592848,1.4982397437640058,-39427.19503610575,Global
100,-1.4791796320151724,0.1904134464094428,1.928868151044475,1.636298368753142,-2.852995675388653,-3.181659071518525,2.899751974684587,0.207396993665063,0.716110799953577,-1.6495228681274596,-2.1493757823265476,-0.8831349115156938,2.6955627581678323,1.5341017726098432,-38644.347896690924,Global
101,-1.4989801540051955,0.1695970260678435,1.8848845565298538,1.6416937801987992,-2.879372063319421,-3.146041563958328,2.8646329250124585,0.3135888429816437,0.7299521232032229,-1.6496617370371336,-2.1425238630993024,-0.8615944413727532,2.5983717324453233,1.5682857267966097,-37457.16939170999,Global
102,-1.541888421220533,0.1510535028879906,1.868882965401822,1.6277570297608295,-2.9059152074872223,-3.1552189519716105,2.8456123765622876,0.4066333196114942,0.7437233391636079,-1.6616350998707032,-2.110127457007903,-0.831411445708548,2.5953481885318386,1.5616112125739774,-37491.55793421787,Global
103,-1.5164964463743758,0.16557983722598046,1.8656348319026892,1.614981615942295,-2.9016019865414475,-3.101480396142287,2.8468694380694326,0.3707469406492675,0.7518482667705765,-1.6719926502416271,-2.1617220805982686,-0.8425518906994252,2.5606481140571615,1.5600354470224471,-36962.153388061975,Global
104,-1.5125461690472952,0.18530581584729597,1.8674952685404866,1.6034621749446596,-2.9239689242336344,-3.0321720017521674,2.8445748233657615,0.37106951370887004,0.772909153343454,-1.7192963825328544,-2.2150104861776185,-0.7850106598592211,2.546619905735002,1.5278624395592897,-36945.8123506572,Global
