x0,x1,x2,x3,x4,x5,x6,x7,x8,x9,x10,x11,x12,x13,x14,x15,x16,x17,x18,x19,Value,Timestamp
1.0675535366691509,1.282394918807866,1.1574232126294663,0.5605884022974164,1.1384142681791283,1.1001538666074886,1.4658747856773076,1.8334556614362814,0.8940804873595277,0.6020611201181543,1.2284897453709038,-0.04581986735318844,0.9812756757371047,0.6591409218424624,1.090439182594565,1.3027374705409516,1.0758379242829914,1.205763555151921,1.119821715277719,0.918760416542563,1.07323733752998,28
0.5731322731849839,0.8873270608404855,1.1683491422288839,0.38134146347799724,0.7528491185939888,0.941868721786244,0.4742692120473609,0.31863509374940424,1.0206663629263517,0.7670034368881855,0.6382051385499954,0.26687229519686995,0.7576428086164384,0.9090865520018668,1.1848694600701943,0.7753973529437008,0.39706582091457776,1.085984992673726,1.0349403132447805,0.3557297017112956,0.8013095007778512,56
1.1259731648327767,1.0541485850565253,0.8989664432971937,0.7707790164718756,0.8972093060500161,0.8635297060348983,1.0488515784743602,1.1688307012955177,1.0646060845468035,0.1953234763827162,0.9569173777337201,0.949956052873303,0.6660875479675235,1.1913467003015077,1.076957655320375,0.9550419612455471,1.3629154970265351,0.8942414459063958,0.835246519832318,0.9996042501026186,0.33832398237056716,64
0.740067580094034,0.9459477320163736,1.1933774486176665,1.1551148242701037,1.3902027113570345,0.7878181060737938,1.3155389112841755,0.9533344220655114,1.0960146223117055,0.8029245932565181,1.1872170570818668,0.7749303195963654,0.8148468336077372,0.5144547340361229,0.5250890141805029,0.8956211640837471,0.9184524893636943,0.9055314308583109,1.0307143258998184,1.2191109180079036,0.5024028550660777,69
1.2751119822050723,1.0822695859770237,0.9644998078160792,0.8656531017325312,0.5489294108300972,1.4684678560303126,1.2696936193668609,1.2097140130243962,0.7784019829184019,1.0142311717099612,1.1721377028394995,0.5777811732050878,1.0679950706071148,0.6311638326927536,0.8823301557003769,1.6458263790800824,0.9189239666315097,0.9429009407420955,0.8490003720952901,0.6009659777741856,0.8367361534029598,70
1.015048637937179,0.9964719404026064,1.2647403008608151,0.9078375884243535,1.1275407349587283,1.0274394747395696,1.2194883976428557,1.0593116470047637,0.8331485886167389,1.1029397960207614,1.1149035336005895,0.9160687470148452,1.142998303321079,0.9911790485423122,0.9381469700348444,0.9853017413242213,0.9702891403931684,0.8838203199550284,1.0713500177162878,1.1486776160433865,0.1393382318938802,47216
1.0150486379371788,0.9964719404026064,1.2647403008608151,0.9078375884243535,1.1275407349587283,1.0274394747395696,1.2194883976428557,1.0593116470047637,0.8331485886167389,1.1029397960207614,1.1149035336005895,0.9160687470148452,1.142998303321079,0.9911790485423122,0.9381469700348444,0.9853017413242213,0.9702891403931684,0.8838203199550284,1.0713500177162878,1.1486776160433865,0.1393382318938802,100899
1.0150486379371788,0.9964719404026064,1.2647403008608151,0.919671490915821,1.1275407349587283,1.102221081254612,1.2194883976428557,1.0593116470047637,0.8331485886167389,1.1029397960207614,1.1149035336005895,0.9160687470148452,1.142998303321079,0.9911790485423122,0.9381469700348444,0.9853017413242213,0.9702891403931684,0.9503165903679864,1.0713500177162878,1.1486776160433863,0.13887405089626825,159570
1.0150486379371788,0.9964719404026064,1.2647403008608151,0.919671490915821,1.1275407349587283,1.102221081254612,1.2194883976428557,1.0593116470047637,1.0259517493187573,1.1029397960207614,1.1149035336005895,0.9160687470148452,1.142998303321079,0.9911790485423122,0.9381469700348444,0.9853017413242213,0.9702891403931684,0.9503165903679864,1.0713500177162878,1.1486776160433863,0.12733504657290576,207202
0.8274590141648908,0.936041388803396,0.9534078611847701,1.007219665947884,1.1472638635184964,1.2589011838083053,0.9522553729475156,1.051838907799497,0.8776948870181283,1.2519994555089542,1.0900251815089135,0.9197198079389644,1.1283575411014573,1.0625305414000639,0.8910341529783423,1.159700980410242,0.9636266927584505,0.8959762551546611,1.1894317001263293,0.926251874612694,0.2000324983528785,256421
0.8978263058993203,1.0681811744453142,1.1018100843242369,0.9379525381382958,1.048717904786747,1.20875261819242,1.0367684368567787,1.1606923620615373,0.9319863711725844,1.2438387887309936,1.1243643028163142,0.9217169718603593,1.202888189081527,0.8138704843431039,0.9975991059384057,1.087053183422352,0.959153996370681,0.9074356972303104,1.2115466925582865,1.0440481834604363,0.18720356105277072,303109
1.082070637169398,0.8873270608404855,1.1683491422288839,0.8752715859987568,1.015531736409038,1.084730800361351,1.0297105005982345,1.1184176613289054,1.0206663629263517,1.1461148300456099,1.1290343421934619,0.8896885927025231,1.1484939274862818,0.9090865520018668,1.1848694600701943,0.9066723009493138,1.0874912341355945,1.085984992673726,1.0349403132447819,1.0269131073413043,0.12525829949057746,348570
-0.29710646290485343,-6.592127240749477,-5.913883576474101,8.687822301351677,-0.7353808306709162,6.031160651627502,5.923424246100124,0.21684101854157412,-3.2821805692051704,3.3966433694267586,7.2625352475317975,-9.819972607224392,-5.49731474368243,8.22705709919482,7.024407573833354,3.894637587366546,2.3565634067673145,-4.589443553664056,-3.5621744631159267,7.3178166208289,257.42349987710946,348674
1.041270546973575,1.030018358659344,1.0696506680955404,0.9218762498454891,1.140656446021141,1.1561957743071072,1.0272282150554046,1.0483963405283896,1.1437999770863385,0.9613449794997928,1.2130747960253028,0.81875603266338,1.170055976493975,0.9014858666397543,0.8992709741308538,0.9794154905122454,1.6362118930514202,1.2043028435039584,1.000357277235139,1.0561772685700213,0.41532215624178875,397738
1.062071193422877,0.8820197891731181,0.6461441019174998,0.9154982666496068,1.200091360189628,1.1353307282692189,0.9226332527609651,1.0516220990966225,0.9161446662092416,1.0333597445209055,1.1423743084509037,0.9217541235441615,1.0930977009986755,0.9505317785103671,1.0323141674691971,1.195432100352054,1.1786461310879761,1.0301771882721549,1.0456149923857296,1.0539530765085363,0.16121253149008644,452436
1.0355449935502885,0.99767069957743,1.2388099709949738,0.9116224823537937,1.2318404375158931,1.071000449041632,0.9992011988723544,1.251597776627131,0.9736155570781548,1.1905897920200448,1.1383595074950759,1.0629045124549652,1.117583323138262,0.8788243729003185,0.8943662376927015,1.05574213629858,1.1233177260650162,0.9762266398573516,1.12575668062747,0.8807629299109792,0.18630033730584158,499621
1.0919195669995567,1.1803841639726624,1.098453967993386,0.9672463648969654,1.188457403752885,1.1030133679415002,1.1512419162433574,1.1565113285021074,0.9023249876105294,1.2127585087635155,1.4462436389501967,0.9003304381308315,1.1204378004929438,0.8431719712315378,0.9914224555102147,0.9104944745470096,1.0602362903013576,1.0643156577258088,1.1235761943773515,1.0007215180084081,0.2897129925500266,540364
-6.1614635492044085,-1.1162361856039666,-0.370113020044343,-8.82465400802348,-3.8989461520078725,5.7842551915473095,-1.0619638824087296,9.698163733508572,1.292656597951547,5.405196358671059,-4.775594826263413,-3.158937686673057,4.224407398719837,-3.924775334969258,1.232817750626733,-3.304986102739921,5.770197241414612,-2.3457882206931915,-4.063260525134394,0.10276166077268911,186.72403905390243,540477
7.240680173074331,4.28984092005436,-4.4036223144684525,5.0715346849700556,-7.7378688481270865,-3.2691324524996466,-5.963852056675679,7.043536121830272,-8.315075562829433,-9.143638018367076,-1.9875715008275119,0.8547640907447178,-8.96161602482033,0.05920014027188358,-8.420021301279512,-7.042470338205003,3.1900970636867356,-4.0536830369798915,-6.0128593974927504,-0.7695398071446959,218.51860082490512,541300
0.9352824786922138,0.9098435088553529,1.1587638578466262,0.9030588790419287,1.0742288929778037,1.155621021708562,1.177931544876365,1.1155109689295286,1.044442730668509,1.271402381696948,1.3218035681806484,0.9822632281909129,1.0363968629822282,1.0443249825317746,0.8867951761363777,1.107583366054537,1.8107254136090338,1.0935325357159866,1.026584762937066,1.2298613508672407,0.6534348142934547,585125
4.688138651063564,-1.2566609614046715,-1.2019014478865717,-1.3113982438780951,6.389149091832429,0.43037455623170295,-7.884757201862401,-7.520435659875158,-3.5169837503306187,9.171585177558988,-2.691051461225512,-9.066776650589427,-0.814278413237254,8.130022461004348,5.267775685690761,-0.40088130204383887,7.265874829944035,4.005687795590356,0.22667099524458934,-9.516986545640282,169.29003827177303,585229
0.9485339157073991,1.043800188604474,0.5102640268314431,0.9230209008041824,1.142096125206212,1.198179197737307,1.0825182609676602,1.0815460458907131,0.879629976063157,1.4735033420637604,0.9421523049136039,0.8694115616101108,1.0304610479974419,0.830269892636327,0.9306549757350862,0.9963150748348033,0.9246629367953858,1.0619264230864118,1.1809085876026473,1.0570448926109997,0.3165922670259572,630866
1.053316714263717,1.0523215144127036,1.0125215590617547,0.9559188079810745,1.2431219931496513,1.187967202466325,1.0190116284194097,1.0481251848244444,1.0086791628317129,1.030633874288398,1.1166305332581405,0.8759067666759375,1.1074795256476229,1.002952129986653,0.8753205817158651,1.0186368429417598,1.051131173671448,0.9273942620803748,0.7791844476918968,1.3151779816715994,0.12272693992987962,681850
1.0688806537878737,0.9639375245697437,0.9313127786178814,0.9437674494334145,1.075850193818555,1.0856103543623625,1.1871609352481052,1.303643310999106,0.9118425829726533,1.0876881158035365,1.1246968097684376,1.083570837673438,1.2801625488027863,0.9509558591742433,0.8394515443942634,0.8807718316319662,1.0374477808883569,0.9988016473331562,0.6397203921249215,1.1600220224352031,0.22717760042100438,731772
-0.9061127319661608,1.9107840059266383,-4.818224801541114,4.035557849754955,1.9893242798352784,-0.5909871944367584,-1.8666990828045442,-7.071435478930103,4.896876485755078,-7.974032968412083,5.053427556986973,-8.288186243572754,-8.42579319569414,9.917677201715886,-7.0175190499932665,-3.6592830681954247,3.355582031802795,7.931034664843981,-9.044194490391707,5.65987973013663,204.22060977229066,731859
3.97038070835713,0.09219991180716747,-5.289555310310165,-3.041747291348176,-3.355069462404127,7.842731522054109,9.094667613329147,-3.000394090887485,6.738310315667867,-7.362419580839322,8.50146524778565,-5.6575845541027965,-6.825317972459426,-3.5688559227658345,5.877569640051011,-5.382046882037339,-5.902875797539214,-9.991457930224685,-0.30654334172424313,4.196062795699497,337.5366901838937,731943
0.9057994266178699,0.9624377055867157,0.325542118138598,0.9494386982867482,1.075700275172629,1.0861612205056819,0.929835009676145,1.17959880277005,0.9242404583248955,1.100702682421682,1.1191995929379976,0.9329138168366864,1.2144216370109535,1.2996438848046523,0.9066902524774889,0.9612623816096129,1.0291665446389402,0.9758582434219072,1.2830213667290593,1.0954392618372548,0.2828384335978687,774882
1.187571201625456,0.959814949556739,1.1114120992771088,0.9839642362581824,1.077305798824689,1.13213484896891,0.9842107641457213,1.13782887632064,0.9436502832924134,0.9810108356560043,1.3039628373077412,1.0396168743015295,1.1610549489842235,0.9250219511836928,1.0594215541747505,1.1436949278703352,0.9620800903289783,1.0885642988809892,0.5856880653867584,1.1172585180837902,0.22299194911538728,816889
1.036492559213828,0.955893660718953,1.0563622197108797,0.8307132871673174,1.251326764106956,1.00081198688121,1.0334695552467477,0.9996155693228732,0.9247156819476423,1.072800489252474,1.4829961035637709,0.9322517188259773,1.2262698307846591,1.1194961462578377,0.922889557651265,0.9079290886812719,0.8323993561039682,1.0463917246514778,0.5274845960022709,1.0971722431351416,0.33900659374233366,857955
1.0458421684699057,0.9530463084432466,1.085736328979542,0.940079817757141,1.0694698776122706,1.076322346006668,1.0757041182432314,1.0377052073174209,1.1038593809033728,1.0976580428060938,1.1882135915204834,0.8081922149187035,0.9553632290258973,1.062951767256898,1.0813713815787547,0.9666128985860407,0.8700688892282216,0.8326666446213125,1.1710229078255736,1.108406891429098,0.10999076636298996,905421
1.0345305976389496,0.8958249173168973,0.9479280900020868,1.1233837380761336,1.210197122639169,1.0457409819598737,1.1638158578423674,1.0864623213627809,0.9929994122440459,1.1077682961255206,1.1055920471680836,0.8848994424384247,1.1962487306800518,1.0257618203142052,0.8225656006812407,1.2062232043705639,1.070098700475926,0.9939719257459316,0.4103782054830224,0.984798300298289,0.22369067721827104,959957
1.082070637169398,0.9489232558153144,1.1683491422288839,0.8752715859987568,1.015531736409038,1.084730800361351,1.0297105005982345,1.1184176613289054,1.0206663629263517,1.1461148300456099,1.1290343421934619,0.8896885927025231,1.1484939274862818,0.9106336789783072,1.2494084793818576,0.9805564136111915,1.0874912341355945,1.085984992673726,1.0349403132447819,1.0269131073413043,0.13450050314180778,1000510
1.216916769177887,1.0577790565388927,1.06912375521485,0.9521351585658966,1.117422178272454,1.3225306142808877,1.0973835277211457,1.0146623605134621,1.0685519549431923,1.239768890386335,1.2161327802746271,0.8909068316804394,1.1919624416341277,1.0249984536771084,0.8801562861475016,1.2454375542068639,0.9529527067723826,0.9333675714952866,0.3759810670197119,1.149990006656541,0.3618447742536337,1048222
1.1728575518127187,1.1607981280595305,1.0128253247957402,0.8996780985133555,1.0566465085875643,1.381526617599345,0.9477901119798275,0.9609744715661582,0.9231896193065317,1.1691013863742903,1.1136082602368287,0.9149515270387186,1.0314313723832687,0.8530382023583183,0.9509769632190087,1.0481028591685941,1.042006544206757,0.8498157338034211,0.3094197668362124,1.1968096449910721,0.2957552364463359,1093974
0.9251252365248419,0.922968066170835,1.0024139731453872,1.0452046064375344,1.027514831111457,1.0889558661032854,1.1391917653871317,1.4235789660121299,0.9222515968795424,1.114558037996785,1.0919754265893,0.8947338024896574,0.34758302070237335,0.9653968185493712,0.8692425667998016,0.9554596053380653,0.9298510033128835,0.8968547105157909,1.1926568753281057,0.9995086215658281,0.2854546410728628,1142426
1.0687555102797317,0.9716965657154617,0.2704241815580737,0.9957358448634537,1.4494914453973422,1.148177518455547,1.025803862136165,1.1446693278376676,0.9509423770189702,1.0621707047652802,1.1498698242155303,0.8932031009138404,1.1008240030516383,0.9618498500855903,0.9738454076744212,0.9838519923278888,1.125741450647645,0.9633815723101762,1.1063428451053183,1.0493706691499938,0.29759436250388893,1190610
0.918376663280995,1.1842720021323245,0.9359395580435113,0.9804616842506089,1.1448991965619975,1.4175575055770384,1.226882315241436,1.1734113038355347,1.1942725877754894,1.0298908705223404,1.0563668400910853,1.002935239317626,1.1247973734995576,0.9700739357043293,0.9486649409425407,1.0153404018733847,1.051377362833513,0.9976419876811917,0.30252959152207026,0.9298278183384493,0.32743771849032993,1234295
0.8986353080075631,0.917900442036867,1.0628580036825515,0.9092553181296126,1.041700573533813,1.1316099708125638,1.2817646307400103,1.4052020491750419,0.9836370631954026,1.162556896358088,1.3152212432568282,0.9242129826298999,1.2605248727048224,1.0426321579328655,1.0040723636950766,1.1349929058232213,0.9295970106086955,1.1763801242793388,0.2752935261882786,1.1041469804350197,0.4294862154805535,1282700
1.0276791880564637,0.9298659780161938,0.9641645004392279,0.9381700240671407,1.1577059243436167,1.04411874001398,1.1967622235429012,1.376976350590211,1.0166716768756743,1.0477388305959288,1.0659069186218084,0.882593000049388,1.1033616950570373,0.9020465246415696,0.7722746686938978,1.0246746917803495,1.1385063813657705,0.9011580982674847,0.2574815727132638,0.9754494570450731,0.2820349319779327,1333245
1.058943827668557,1.062000360060713,1.0527019259457617,0.9749375920420089,1.1190189344415522,1.471816075691157,0.9316912252215737,1.154352383560802,0.9062028426971214,0.9760047639712092,1.2897873360627443,1.0098108469740474,1.296090841094422,0.8872730206522013,0.8365278800298768,1.1962049349909554,1.2285556468957044,1.0163269421854793,0.24481463114007707,1.1427710338426493,0.4532655718935723,1373496
1.143377543966789,1.012348704468364,0.9828227583110447,1.079117020651811,1.231280708073971,1.0075483935838196,1.0269615297018575,1.0174770231299384,1.2950168705532563,1.0383704554913908,1.3116208954190565,0.9000218298560179,1.0289538366130841,0.9620232866553913,0.9462678127661857,0.9874813511719829,1.0217381989310725,0.3158947816565636,1.0641369830851861,0.9487092107415673,0.2728139871566312,1424339
1.082070637169398,0.8873270608404855,1.1683491422288839,0.8752715859987568,1.015531736409038,1.084730800361351,1.0297105005982345,1.1184176613289054,1.0206663629263517,1.1461148300456099,1.1290343421934619,0.8896885927025231,1.6445268464046858,0.9090865520018668,1.1848694600701943,0.9066723009493138,1.0874912341355945,1.085984992673726,1.0349403132447819,1.0269131073413043,0.3972673621445477,1474245
0.9146372657477553,0.8838819080249021,1.0905615251524026,0.9425975117605887,0.43103923913965403,1.1918322807400827,1.0237408714236764,1.042708577887769,0.9530126378263142,1.2885657377698436,1.3441696882690328,0.8946388853267866,1.181707011964773,1.0121360319085977,1.2246430665943802,0.9495498243399716,1.0142445793251933,1.141622215715298,1.1543569211019797,1.019334261073162,0.3267130046395465,1522054
1.1532611571224276,0.9771282850134533,0.2352499605531715,0.974436480593031,1.1752642147390957,1.2077169070715357,1.1871409516546834,1.0354498013591638,0.883094643736596,1.40453247991987,1.013443831477387,0.8456067122987856,1.4484322490290467,1.0166642404646318,1.0136792802890437,1.0112167041989193,0.908881525400692,0.8259604936907917,1.301543493420347,1.047947268093214,0.5129139463683934,1568054
0.8503058454655488,1.12024172897604,1.2886799554215527,0.9481591978255572,1.1299182247349226,1.1935359427317027,1.0021362280411634,1.0653341042818365,1.1291333819240554,1.0143069731401493,1.4252516668270536,1.140124357853086,1.1056301967383497,0.8004074840483731,1.072486514306741,1.1383237613056438,0.8336551832966919,0.9156386903629254,0.2291647341233638,1.1397964961913587,0.40098933593103486,1610828
1.4189390758791944,0.8795639869219518,1.0394879427810566,1.1269181762799931,0.3069029787365901,1.0788959009028096,0.9954719965543273,1.1928864310700327,0.8801175877130003,1.0325550369735867,1.1540606810029317,0.9536976756034647,1.058617407680046,1.0369996680725748,1.105668800042249,1.1552738430214329,0.9877399479419497,1.1293421611294343,1.0696960955551749,1.096931163064781,0.4049923362756027,1656843
-0.7349664983356856,-0.5812969601289382,4.393653288138307,-6.219157838030043,-3.571379685022979,1.2975440366676416,7.012998095713812,-6.90804149896132,3.6401094096006847,9.144685232639386,-8.53585748631675,-1.9577508115383697,-5.033099172237562,3.381729310613231,-1.4663480201118748,-8.487825137367276,-3.6055682303461083,-6.122567998913943,-6.022351508038654,-3.0425284984333576,232.26370603501283,1657202
1.647321230772878,3.6075997089954104,7.441477374795234,5.930381655105988,-3.683951425756728,8.075663265532643,-0.8732260595011141,3.4348747235840076,-6.674509403926118,3.2749771797009934,-7.240697794188149,9.059426108492826,6.438073349338666,8.752663365429246,5.5117772120400055,5.055339488491036,6.225770864376528,-6.809424689824131,-2.8814591476714284,8.221616663066595,257.7845530988409,1657351
0.8836358037848449,1.045174435314653,1.1841799879246366,1.3578198093673772,0.049738581957059935,1.0463416319747574,1.0161521928127324,1.1757395995063566,0.8712332043863569,1.133277355273524,1.1972831216001811,0.9205861727075408,1.3004951867312968,0.8675593368628156,0.9455691094792869,1.2216779273554572,0.9679896672865969,1.016232964297129,1.1478176583933077,1.042537966656079,0.37840656262424,1703290
0.9371436450164765,1.0861133721097733,1.185897273484965,0.8384881740010144,1.5612187140147817,1.1594507118637802,1.0503970337942854,1.1535551244256674,0.8801226838353157,1.154095675374144,1.1346282108522452,1.0493063475745945,1.1541431871903711,1.0343696877149693,0.7011660222018392,0.9316968445201341,1.132435853082397,0.9588776085000283,1.1402628149839096,1.2144979966476903,0.38726100222833587,1740389
0.9693266334736812,0.9796553341289087,0.9943865480815877,1.0378635769227345,1.0523627373887745,1.091143225192246,1.2512549754255335,1.010036041084426,0.8976957556094831,1.5073750227690959,1.1351537815775892,0.9417711677882998,1.0447628926517472,1.0807451257644978,0.9299573411921775,1.1658234948096524,0.9761040041578006,-0.15826736289608978,1.1043271662559668,1.0470764162773545,0.35485785981681506,1788341
1.0342453392313253,1.0740230578390708,1.21495509182256,1.0386260882899239,1.1182469634375138,0.6604389777693598,1.0172077045495485,1.0455108030854985,0.9887074224689467,1.1563588601299415,1.1616330692812438,0.9274319491326182,1.1085756861734446,0.8583441387047621,1.0761443586979382,1.1347634228409984,1.149092054277407,0.9472775338183415,1.2428891022123523,1.068149212904574,0.19070077246076186,1835685
0.9456715866694569,1.0208007754933819,0.9133064575057083,0.9676808773107456,1.0392913068111496,1.169250351061205,1.0910639191722178,1.039931242938021,1.0082765219134373,0.9953545701965911,0.9932680964087621,0.9020575129891775,1.191734462105078,1.1453345994373834,1.1163421465174426,0.9154725094470031,0.9930738562415531,0.8727191937768288,0.22705747352911843,1.0124365238040784,0.17816403267133135,1882183
0.8901325559367201,1.0451701806717888,0.9582968228313948,0.9344810361079469,1.2214275255164109,1.0910203610687361,0.9590736587086276,1.2091213832742334,1.1730980601966334,1.0333211289859445,1.189113735763165,0.9215233382009345,1.3706025413698892,0.9476389814078239,0.9644162473714152,0.8623747148664851,1.2266619814614224,1.8606365208788027,1.0582476599489752,1.0839485090165741,0.7538557205279727,1931886
0.9393616682076615,0.8663303107104183,1.1186664291547803,1.019788839993243,1.0296884914788902,0.589981143770212,1.0622481177444314,1.0040273651422211,1.0527995320748202,1.136743752998214,1.277903979856348,0.8802528853914389,1.026595123224581,0.9333355461156512,0.986988882721998,0.9513475906334641,0.9380789992921788,0.8844043297300378,0.9947295675910048,1.0367735296174772,0.1517747361355266,1978813
1.5074560171582725,0.9964719404026064,1.2647403008608151,0.919671490915821,1.1275407349587283,1.102221081254612,1.2194883976428557,1.0593116470047637,0.8331485886167389,1.1029397960207614,1.1149035336005895,0.9160687470148452,1.142998303321079,0.9911790485423122,0.9381469700348444,0.9853017413242213,0.9702891403931684,0.9503165903679864,1.0713500177162878,1.1486776160433863,0.46154152136635934,2017365
-3.381690075920554,8.967542089962269,-3.061255226924178,-8.26921999815905,-4.527626568409568,4.851670071873622,-2.5463974144795767,-4.355097697482187,-8.542538290978722,9.563179996937471,-6.69026421484387,1.9983964702125654,8.67194276005479,2.0353105597245644,-3.5046256747601845,8.347090866915742,-6.547358086942243,-9.523432673818728,-5.153358860535174,8.192219178878094,313.07225392674195,2017594
0.8455109863507566,0.9972397554354668,0.1452487265329594,0.8328042474386432,1.0593985431255293,1.0868552607305304,0.9206190046127389,1.1051633161487493,1.0884091576910357,1.1276883368236348,1.19530534424995,0.9914532696126983,1.2532469422817123,0.9085998674604845,1.0048061697329622,0.9357151583300016,0.8822774796129629,0.8762740355452742,1.1482426706864484,1.2632639337241929,0.2561016393279109,2060320
0.5364908825739046,1.167889844565389,0.9962911364289777,1.016851362077153,1.23504265514525,1.0311357609852951,0.8823676057347072,1.2794862261729938,0.8979610985651771,1.062951140064765,1.283239519358135,0.9140870710902718,1.098852974539227,0.9992989786070829,0.9066133868316018,0.9723069853419712,1.1077262529746719,1.1324301237050811,1.0853300508515176,1.1619176640866176,0.3829669420458534,2099139
1.0214795942949053,1.0477418881730785,1.1409297390168653,1.1868873614388225,1.9124375215244163,1.1882128800002072,1.154424971699143,1.3510662236210713,1.0309736769276139,1.3727640468615037,1.1928507716430143,0.8967408376402801,1.1723532448312672,0.9407360499797939,0.9020262411855455,0.9791355408856734,1.4067887106534123,0.9391797707405514,1.0715129822928786,1.1038068542326585,0.9591303097490589,2141707
3.547410940171055,-6.825746107580697,-5.227922413587237,-9.869753707674544,-3.3915576077456464,2.956284561257645,-5.132143800513626,2.3537152044938914,7.731398904599274,-2.777692792647003,-8.623424972100327,-4.658672213935194,1.472137390345571,-0.020087155856817418,-2.4168007989158635,-0.10749996956367447,9.920761474432297,-8.873563279413126,-1.596825347171798,4.562605087586871,254.35445541232798,2141974
0.9184465901445833,0.9466069009564926,1.0104612602033336,0.927114738070312,1.0518493179193749,1.2641479770493453,1.1528689912278052,1.079795422860192,0.9944456222688878,1.666117281476891,1.3422413666034458,1.0950461604846407,1.3971956967830188,1.0525932886917033,0.8934077658000216,0.9981184109257797,0.9355669453535942,0.8475691623803812,0.9689079641940225,1.0236670086225494,0.5763831163246358,2187242
1.0401513879303472,1.0539940041866371,1.1833347154047082,0.9411058471310003,1.2406801469413349,1.0374755515503171,1.1434267903565143,0.2780602976650083,1.2552553201332475,1.149738490642305,1.1862947777365718,0.9312853069106909,1.2443157322271625,0.9737540762463126,0.931083667447755,0.9740511938297082,0.9997897225014627,0.9662114778021795,1.0939106870198714,1.0502825499229809,0.2806162910103644,2233535
0.8989411063120638,0.9487565067533126,1.1605331220910824,0.8647232256402511,1.2486748163082841,1.174998896156761,0.8883610860557756,0.2361897262510091,0.9153058100398541,1.1630029178012273,1.0139380605640973,0.9228382154189525,1.3208659982038453,1.0057795823160802,0.8089849620784548,1.0534555092450564,0.8079111021770038,0.8468904703713314,1.3096210894863347,1.1350163801991848,0.3764538399323489,2285005
0.9393616682076615,0.8663303107104183,1.1186664291547803,1.019788839993243,1.9791608157484006,1.336303869897808,1.0622481177444314,1.0040273651422211,1.0527995320748202,1.136743752998214,1.277903979856348,0.8802528853914389,1.0848795389056676,0.9333355461156512,0.986988882721998,0.9513475906334641,0.9380789992921788,0.8844043297300378,0.9947295675910048,1.0367735296174772,0.8102309591724882,2326726
0.997078076738173,1.081486934187211,0.9744122442862295,0.9271190393377502,2.1290583024805514,1.3392913853388073,0.9634656833595443,1.130464259854112,1.0843730275848156,1.0198834691365999,1.005405056935464,0.9350371890885096,1.0272729937244858,1.3195546462695784,1.0854368923352666,1.225723825774228,1.0501189644382336,0.9157240926748181,1.3023653739858752,1.0269571737972463,1.0548554481741736,2372229
0.8460340103623292,0.9068409021587893,1.32538595981622,0.8926035523239975,1.1897763663682088,1.9626908241907017,1.2867286661125685,1.2333424224617175,0.6647609485855241,1.243133584040784,1.0842834383239153,0.9801938977872702,1.2734345038641555,0.9855342210463147,1.0501264423886414,0.9866375981894784,1.3996969459288904,0.9323288751344809,1.1011076905948372,1.2045753150407847,1.0618130479343098,2417819
1.0089597132524126,1.2915076838401294,0.0341856588296231,0.9312396424441438,1.0642817112637406,1.2795159492835866,1.002595517625229,1.010139147613188,1.0452051015711625,1.2246006211269762,1.1174395480511237,0.9755766220066459,1.2008376032202666,0.9640360012600553,0.9518418395218816,1.3150396483692273,1.0026849091684475,0.9003249399929114,1.0350643342369992,1.0215398803132345,0.3282805883233502,2465246
1.0055578133774574,0.9784337137549061,1.0003909584707937,0.9772413607208665,1.0396124362818782,1.0864845101294751,1.0426472090565433,1.045141902745268,0.8528097116483995,1.1189138473791989,1.225651503243224,0.9945341157561529,1.3045702938021968,0.9243727327009506,1.2846057158308355,1.2775259022485663,1.0588011597015523,1.0561446896786557,0.21935862610050094,1.137327013583643,0.3094679623940476,2516090
1.053316714263717,1.0523215144127036,1.0125215590617547,0.9559188079810745,1.2431219931496513,1.187967202466325,1.0190116284194097,1.0481251848244444,1.0086791628317129,1.9810902734425078,1.1166305332581405,0.8759067666759375,1.1074795256476229,1.002952129986653,0.8753205817158651,1.0186368429417598,1.051131173671448,0.9273942620803748,1.1086471888372706,1.3151779816715994,0.7472703222592697,2558767
-5.744769463864275,6.2347566979214655,-5.454329040518334,5.5910476313493085,-7.949378964013618,4.34615699644006,5.272761969340722,-4.1771705269844635,-3.954853788811991,-0.2732398837708363,5.636672839256514,-8.52693494288637,0.39290173938876904,0.3505603124828518,-2.474885337483089,3.02355578729399,5.423077854122166,4.804803259634756,3.0387925837705225,-3.6807482278210237,157.09711297833599,2559051
0.9394429368681418,0.8138923640582615,0.9240976953053667,0.9815894515039165,1.059678845280121,1.1522713626980945,0.9817330307256107,1.14758750236067,0.5855111479958033,1.0529494188422657,1.2059813563278254,0.8604987240282183,1.2293787982937014,0.8061136713893418,0.9865238654883206,0.8689719077457205,1.0115789558232784,1.0975400918840563,1.0203791104239586,1.1850770191504871,0.19905840576005135,2610774
1.2365137338661505,0.8721811462579888,0.9297936266500166,1.0215760959362683,1.163883658067553,1.0634135058568797,1.061262631090413,1.0925863328615941,1.2413327244507535,1.31403823633201,0.9666225156405386,0.9033169095037152,1.023665622083767,0.8958409444602484,0.9969123438356244,1.0521406406118397,0.9897706347624293,1.3337436550360895,1.1938341104928964,1.6759902988004445,0.3522737716767381,2654465
9.384463694484229,-0.3805275321018655,0.6248948621878441,4.263855938260635,9.470432985836482,-8.908299043143092,-0.08875833400112931,3.8271103399221484,4.806097951867216,-2.318348666478766,8.942318586808163,6.764986367883907,-8.900604949647391,-4.028084423773799,-7.883037590297096,0.06522723037915767,-4.54706436320498,-6.93161657832326,6.092726744644835,-7.2218645100873875,260.3974641975933,2657634
0.9100825180268153,1.0588051285818951,1.0910858839162287,0.9943097939488776,1.1446281838621442,0.5182376895742244,0.9958866433123745,1.1707067470588086,1.283874514733112,1.1451231893600649,1.1047066665806877,0.8975818854112045,1.0739351305556393,1.2025598923373348,0.921690854130143,1.1557524047871999,1.009008222114808,1.0883327259565894,1.1034353738616156,1.006922985065528,0.23361415126558036,2701685
0.9673908240871256,1.102965411541499,1.0736006744133555,0.8983102689210762,1.1420642837407213,0.4631023530823075,1.07859224503266,1.0889065111293463,1.0398507500117642,1.1208889012885024,1.4014116689935676,0.9689834997991112,1.0021269937100625,0.936356413588026,0.9003861753529776,1.0079719124307616,1.0445868563470526,1.4554885498799017,1.0052490158037592,1.1598634608323266,0.36540083442773075,2749743
1.0685135688534526,1.0275993231891825,1.0171371215258684,0.9739055470193385,1.1559783469982685,0.44930496002671916,1.0065427219803365,1.2721742023892482,0.8652010978471836,1.0775710260371696,1.114083884407059,1.0879312139102382,1.2835359657296301,1.1584226748623685,0.9246508944806013,0.9987473220598504,1.1690810228366022,0.8547841651534505,1.0055281409629397,1.1106211014163634,0.25474367418598826,2791366
0.9334063997839053,1.1143530574671534,0.9389391385351828,0.8147929264641962,1.0749368262265087,1.1723036779338163,0.983950244591183,1.2795102378483794,1.0283484160859497,1.0738970444352454,1.2623830323542418,0.9006004857088339,1.2302919742337146,0.9585274581950093,0.8706904794962502,0.6728742748428722,0.9257108416309765,0.9864606837292751,1.0127682883865585,1.0376008786886242,0.22624314247114752,2837069
0.9715404236926322,1.0631554126678804,1.2931256810260727,1.1168537343979954,1.0768850183176664,1.0770009817679949,1.187954256219557,1.1044644477900196,0.8424837396896088,0.9915183613624841,1.2598416676321396,1.1064159323358052,1.138524893585946,0.9465747574160778,1.0748409974619617,0.9162416970350034,0.9590627480626495,0.9625949749364509,0.06712110255634407,1.2554601371521308,0.27159120915981816,2879086
1.0764104647054604,0.9672647070186908,1.169906429395533,0.9687679281929854,1.217713060573904,1.171003583386119,0.9576042861105734,1.191489735614616,0.7507282433675802,1.0413895381138403,1.1564121526124724,0.8698659057694229,1.0555379361469603,0.8994857996222283,0.979285901025023,0.45904695663363715,0.9121908810802086,0.9088155866796404,1.0568104634706756,1.1451381995710008,0.22737731425956811,2919754
1.1271878916402251,1.0741842377146114,1.0310770700295642,1.014720556034799,1.0981684959621594,1.1447995962553137,0.4190392969366741,1.0547769511495968,1.1270967697159349,1.0828939143770118,1.0870924941560423,0.9188351390181442,0.9994156297512298,1.1682716701568125,1.1314868413419017,0.9700729392604668,0.9113300546183911,1.1174251219424214,1.1913576239354882,1.041662173462532,0.19794482140640723,2961855
0.9471135498603864,1.107084395512544,1.3073571217814326,1.1499869783280676,1.1143096122229181,0.4399628828916491,1.0172660334430024,1.0458124737841397,0.9886173483773604,0.9975519354005975,1.1963704424318067,0.9507825427606744,1.111575455826487,0.9744115052727236,0.9241147138541628,0.9797768442819876,1.0284469660826971,1.0036960751671518,0.9877165952736076,1.1229257707494271,0.19975311906929677,3010891
0.9224990768707269,1.043565842613143,1.1331366862813415,0.9213994254057489,1.0681111181974243,1.1769020829592487,0.9602083416689098,1.1459414251671909,1.3898501949708315,1.310705483355607,1.0958943848742635,1.0449176081321063,1.0787455374504695,0.8953891171539894,1.2310699281099993,1.0162848814619103,0.9727888895875658,1.2299356700434203,-0.16041804263436,1.0151244498046896,0.3810632132275187,3052232
0.8815001889622813,0.11710764069304813,1.038981646877346,0.98066529964091,1.1925767438249597,1.0267648328960561,1.004197208152533,1.0940766211772737,0.8938003860816278,0.9946116362163815,1.1378693606448493,0.898750591080086,1.1101053916568322,0.9661503401700766,0.9554245363993785,1.0432972881240552,1.0193899243251454,0.85891706836928,1.0239667663798393,1.0244601605655816,0.17491999421473822,3091648
1.0683869123640282,1.2512997726366801,1.130930875961587,0.8024054233786212,1.127894447406515,0.41881459346681527,1.256316003619638,0.9947256310018366,1.1560372716545722,1.122066591333187,1.1562650416188482,0.8975542085499697,1.0354635795795066,0.9297297295579912,0.8615118640274471,1.0098503343042626,0.9729787508109382,1.0096404170988738,1.0790838090162538,1.1804506900368386,0.2541585100316227,3134036
0.8341465315291288,0.9242814823305583,0.9298161320192815,1.2563462399574175,1.0696551226270719,1.432350047666052,1.0600615507256483,0.9718192332047444,0.8570208781302133,1.219994536219453,1.1584901781470247,0.9003544415433397,1.2900358248907584,0.38917611806355445,0.9199271916876395,1.0035162937116482,0.9793788462424846,1.1194574464071778,1.1140938120904487,1.1379364934175058,0.40978909812858577,3170767
0.878936668730951,0.9793489550599972,1.0593072266035612,0.9957101535186386,1.397357261773708,1.0806893382326679,1.1964179762021288,1.0340021224547318,1.224854472864136,1.120769153132514,1.106838547943255,0.94012703918958,1.1376953974767385,1.049901285570181,0.9260877459680023,0.12233376795977335,1.021100940321631,0.984759966156149,1.2672008205923255,1.0788358283983435,0.3446358684219931,3202266
7.435710998269698,-6.942333698756017,4.147842626297816,1.0073204915386054,-2.105470007852457,1.3727962243963088,7.367681087066391,-3.5077507888858754,9.093625642984506,0.4950887773715156,-9.42970641844705,-2.754025747490523,6.917055987693001,-2.3343821776394025,-4.2419727612182125,1.2600939423656126,0.32388210992465716,-8.657227441416484,2.8583011096584734,-2.4016208684405527,181.94155361398515,3202474
1.689015246822322,1.0340790419791879,1.0082254734216411,0.8727171810320549,1.1339462650138405,1.2003855021803886,0.9300438361839909,0.9666290465211897,0.8828399602730048,1.1846241975806677,1.0331613680377987,0.9054224361376843,1.2008266045477303,0.8541838519648874,0.9211200336581369,1.0257601648739838,0.8299951682524531,0.9651295639993658,1.0018624081458576,1.1694715161786184,0.7175533103173547,3229955
0.7945273067697509,0.9297417048577934,0.9653859874456554,0.9589959424522195,1.0860113197752916,1.0024558978333644,1.0198982313505223,1.3616950500415501,0.9065092729932083,0.9677310481793271,0.9930676996063625,0.8022439929826302,1.0515147669519376,1.0641437356170602,0.34540527656182374,0.7789154473457385,0.9901685963708846,0.9809070893244094,1.0687556310038566,0.9781747454869532,0.2662379952676177,3260431
0.8549374342477929,1.0826149378529788,1.0486704753826963,0.9439456487758608,1.0548981779046134,1.0445073432692578,0.3041027731369508,1.0640132236150723,1.0420243133720497,1.1016634739716413,1.004023627553563,1.0104213917428044,0.9869965048588151,0.8305775357762579,1.2145743229533563,1.374543143544858,1.0218525086842316,0.7386256946453589,1.0867219270025017,1.0203165237959722,0.2882193311094472,3290851
0.9045906893760698,1.0344292420192414,0.9728908192165725,1.4299172990957842,1.225893229732071,1.135309127496198,0.1604394879410762,1.2785435054958594,0.9272612853238993,1.1676005574124841,1.0934925732763539,0.9375184428584415,0.9211987342875325,0.9372702797466754,1.0531158766291315,0.9257683244960128,0.8982511486281609,0.8862567692956311,1.0783033100251807,0.9778523812801129,0.36123042382675424,3316712
-6.8533776456682105,-5.959370914435294,-6.092054219941781,7.003752420178934,-2.059702247476581,-0.5096662357730715,7.485327092025294,2.9658941493853064,-3.5095163199490162,2.8659108040897934,1.8336110057134842,-6.3590073139479815,-6.557444213942709,-7.881439138677356,4.3936684140742805,-9.549613435711452,-6.840985435801931,5.310019522362687,-8.085842373930735,-4.792569665316185,325.26735364740017,3317383
0.8780527266978932,1.0265573139984063,1.081807189109682,1.529971452315582,1.3429815430829741,1.3187672723750516,0.9678812877334835,1.0275345774211104,0.8903097976809619,1.1427113241251607,1.0928192203678062,0.9231238959421528,1.0713734972684577,0.8970128052781376,1.0538544538078511,1.2449577167701513,0.9644806420632429,0.894798399068307,0.9544283065170376,1.1778383930055565,0.4260849563088236,3343599
1.2066002998569747,0.8775037202275887,1.1836954438428684,0.8146310755691637,1.0850039542944105,1.042816827162575,0.9525565008808929,0.9885369213037648,1.0706431020563922,1.0955254676862511,0.9785541442256998,0.9663104031036021,0.26404363453256474,1.009523065187032,1.3272683402834105,0.905984350474661,0.9622061853860164,0.7593605126299519,1.0310059336435478,1.2570144993116643,0.29700865326335407,3370253
0.762349152327829,0.9205050223533855,0.9639945602517497,1.0209004667887083,1.0337333805380648,1.1353284576292777,1.1157271355822571,1.2934788929144716,1.0918914543224076,1.2970993058087654,1.0468273810736495,0.8306134802719374,1.103485422938875,1.124458256981475,1.2091520079559626,0.11284060598048207,0.9682234879539227,0.9933280161937788,1.2470713624788996,1.1774249590278458,0.3773609179509226,3400792
0.9237589333292213,0.021640271767198627,1.2878597628874324,0.9526614266329041,1.1018588040935942,1.1274004484763334,1.0064842663636484,1.261837195669851,0.9388369367513771,1.0831642133400692,1.3773232887700855,0.9720005720083442,1.1185681550328752,0.9241977310864669,1.0274265980461161,0.8758071588413835,1.1215906054752973,0.8984784968415276,0.9675813150297827,1.2008400592933892,0.3375433511460468,3431007
0.9463836332654849,0.8886699711988335,1.1383663103276511,1.0006659998444,1.0247602680460854,1.188724718675767,1.2097593252876706,1.1184808518228913,1.050190875868873,1.162911776046711,1.184706229253191,1.13678771416064,1.0896311016791227,0.9501653946697886,1.1502787122608495,1.1019856291889512,1.0293552867899793,0.8805478079829232,1.4840989302414642,0.9661244052287864,0.30814313764226064,3458204
6.965012774706459,4.962037033173674,5.586918304446986,4.848466022420347,0.19362485477867075,2.1597153170886436,9.078151637202254,2.9035810207895967,-3.940583726666887,9.73138669924463,-3.3644145066374715,-6.0161996024698485,1.423420574782872,4.345013631042981,-5.899546096885686,-0.3528854276370943,7.632845231785296,-6.021542357761442,-7.243177643948958,5.905573814028973,267.4293417036866,3459044
1.0620711934228773,0.8855260466376471,1.0248836782311965,0.9154982666496068,1.200091360189628,1.1353307282692189,0.9226332527609651,1.0516220990966225,0.9161446662092416,1.0333597445209055,1.1423743084509037,0.9217541235441615,1.0930977009986755,0.9505317785103671,1.0323141674691971,1.195432100352054,1.1786461310879761,1.0301771882721549,1.8951256614871035,1.0539530765085363,0.6602345652481282,3485846
0.9899048371359491,0.8977258950708524,1.0616010531019244,1.0629731655608374,1.4075248875231274,1.2076428180310859,1.0352923106589849,1.10177627626474,0.9525680123560072,1.131481231160247,1.1468512047832855,0.8670736608282876,0.9747279739594341,0.3840122966133297,0.8058991084085947,1.149423075096184,1.0757883860670558,0.9057579150418871,0.9561268821871193,1.1001055875188328,0.2982197002851226,3509269
0.9439899418821245,1.0060351408537134,1.1607412221276583,1.1049651643114404,1.1642116522144064,1.1105052859869264,1.0172313833828888,1.309954971555097,1.078846662096363,1.0338385442619096,1.4442311000687589,0.9517625970297079,1.0791264404042629,0.9758302229949252,0.91548522922076,0.0872272407372563,0.9581816133407948,1.262763813688947,1.0519060548691446,1.0140267202382862,0.38522803074491296,3531270
-8.353672466949286,8.949426489567724,-8.03101406517375,0.0740359517399547,5.172702549615238,0.672558858498407,-8.105874277636813,-5.210861196464381,2.795354978261715,-1.0617173403357256,1.4055962687954455,0.700354572711916,-0.9915389689342149,0.7046797472860611,0.08893301843789381,-7.975822711536218,8.006602978279137,-3.1040410540251013,-3.6321358018281416,-6.930134363877435,105.2408832473788,3531405
1.428394234426559,0.9751655075603034,1.018292093581115,0.870747734397284,0.9973105161236244,1.1409110241702962,1.0469474365425882,0.9392372456130325,1.141975032197877,1.3661442256094258,0.9660519979273872,0.8580771226740413,1.2091954283155373,1.0050689463475138,1.054279358224953,1.1382341346455818,0.9256667942386656,0.9135956478753783,1.0469829683147118,-0.0019153761758265997,0.5282978562557243,3556737
0.9607952000475528,0.9509170463119183,1.0103584985345133,1.0592538759224457,-0.042887345537423016,1.5294247588887657,1.07565728957713,1.4888365358546132,0.8569381915689416,1.739647891888854,1.076609776927004,0.8936427564939198,1.5200703728569915,0.9676791557881401,0.8766765994543153,0.9704076750863567,1.1688025577341032,1.0402668056209243,1.330449768955301,1.1967034738806444,1.116703476438611,3588014
