,x0,x1,x2,x3,x4,x5,x6,x7,x8,x9,x10,x11,x12,x13,x14,x15,x16,x17,x18,x19,Target
0,5.5540482114764025,-5.249175599301754,6.48557065322737,9.314983960859994,9.452022278097868,-0.9310150516537554,2.1808492552255583,5.510530292096934,2.832266895181384,4.440364590338943,-9.299269517971254,-4.031010582216412,-8.829750162358504,7.141218851743979,-2.54291944250385,3.596959031561939,-4.874401013467398,-3.0483756969501608,-9.811744598380612,-2.8333243459006052,-315.15771162743755
1,8.981883633564209,-5.642019817366222,-3.612172672392708,8.35544772001175,-9.361926671202106,-8.69830925914971,2.5965799821564595,7.476268865590775,-9.825685353924303,4.931544739878751,6.25682342005247,-8.485651076554666,3.129106691939157,0.18524400167036426,-0.4023321700723379,9.111482898621325,-9.999759328610299,-5.060425980161673,4.24465355823167,-3.5083590042657375,-366.55704530783674
2,-4.46007287232381,3.9089090510694913,8.371034962918976,-5.110485956040193,-0.8382836544647265,-4.940146343569872,-2.4133341703386773,2.090776572634221,5.447575193611161,-8.64165006411171,3.7217015837462686,0.9652019479165048,-7.240278944834855,-8.024935615901631,-5.088817893506887,-6.964266748310548,8.519889589804357,3.6021003120928423,-5.246821562406334,1.3777050511312083,-174.53199740566512
3,1.1326410286880524,-8.545255782313044,6.794170208321418,-1.8936101460373713,-7.102580219073498,-6.181598826668127,-0.1871972586967825,4.240487484995066,9.698769154020162,7.495730034700891,-0.019166321982119428,-7.864400120125823,8.26425613979286,-2.7016807822743,-5.468242462011432,7.448637246908568,-7.272832964815241,-5.272396796943594,1.9079849070475845,1.278452181574302,-239.3053056563256
4,9.178694639665942,-0.9352133355280028,-7.42083850842919,5.211353535347801,-5.967318497717695,-6.4854027357363675,-1.257639746983779,-3.194783943043749,9.345062171211389,-7.139478458248569,6.8911706561223625,3.3881227996132584,-7.8139018384090875,-8.23492919941452,9.329240825547807,-6.114050295739871,-8.361998799633097,-4.612306094402728,3.0026103602626684,0.9355449068932113,-338.209710161383
5,3.934496877065019,9.261961554058573,-4.445569405371588,-5.327470763040663,6.913441089582896,-5.515750587504378,3.778125991173786,-6.930107260432545,-5.928037276888396,-8.64802212792846,4.989713908699493,-6.398412091639692,-7.514785795001526,-5.503854521824072,-4.410808927027516,-9.323565379124217,-4.912016299172482,3.3770941284255294,5.198381612414828,-5.479711714667664,-318.8004673036191
6,2.2369917865108224,8.245121686372382,0.8322125656002726,-2.5210982084760802,-9.735987488702008,6.58635389042643,6.33123055427156,-8.405597644875604,-6.566494046456704,6.762980644419997,1.283205577236222,-3.0043557279793713,-7.099940742890665,-8.029618481659465,1.2036283663216132,4.2013178012612755,9.017420652522908,4.961026642523748,-2.5550797515176393,5.169546111964074,-267.3305734516772
7,-8.578529750751837,2.436907379019569,4.414280612462896,-9.163827617575409,-2.095163634727351,-6.773223530896166,-4.478338300446829,-5.469933533737108,-3.9063213938983594,-7.275332377560975,3.885001151971041,-8.942675960329504,1.6287660162674875,-6.405437427355045,0.13382701118237073,-4.369623262631464,-2.5984624470141444,0.09057825949740916,-7.553375774176454,-7.386716019211388,-233.5846988213438
8,6.888285129754394,-2.156029065038614,-6.608750426822338,6.023581368410017,8.20257260123098,6.591549541730711,4.281018520671132,-8.012646920232534,8.26602488053755,1.5595869233153277,8.005509035011166,1.27140343738116,-9.80309118400623,9.884787255931844,-7.352043272358575,3.8527251548263486,-3.3142349523875447,-6.39592484781514,-7.188046696564909,3.384948212788945,-336.53655809183147
9,-3.922914543379239,2.273090677964033,8.71198770563834,-5.9419021422341345,-7.607797076884428,-2.156186741741566,3.890784532846986,8.899340662680387,-6.732350111907079,-0.8257338854811085,-4.422728973871783,-5.90799852008443,-3.83327939998936,5.912191408228418,-8.143079361867347,7.380383562841335,6.674307621734346,3.635871064180691,-4.083714850125382,-6.677604066854192,-228.19215968619977
10,8.37882581209633,-8.57149732562741,-0.5106385782098126,-2.7954116046178594,-6.805378349884474,9.35831518592699,-5.620970429461143,4.235608127654993,7.581509873932863,3.3780758619357165,-7.129589032629397,5.857759618603282,-5.689746056964919,9.119000613758452,-8.342839797587281,2.8206016930023843,2.2689249081203577,-0.398563679212673,-6.696138067004529,-4.9602968958084865,-292.40746638223624
11,4.608346651197557,9.174013628052602,8.516041853470927,4.747997976721374,-5.326362803573534,5.290055543933327,-4.053755608726355,-4.372841155011167,5.348030102373464,3.7157519801972523,-4.538120797643401,-6.729338423357389,-7.941672676561602,-0.21236878765929568,6.661693305482316,-3.5348664703059303,1.918801316113555,-6.367172396982195,-3.5652117632520586,3.9062743923759573,-216.94100541681524
12,0.03125542593186914,7.4128233372436085,6.563211938333172,-4.044925194152691,-9.418118070803542,2.8636057789715625,7.383778463955167,7.010749124816023,-9.704265293809158,-6.970381719483036,-6.352961131995592,-4.361565555335143,-3.6512957317119055,-8.366841272581508,-2.676629342819128,8.07947438583177,-7.545568475193516,5.647535586388502,-8.86294288802706,-8.734972385025815,-302.398828830173
13,-1.42098440568585,9.331189031984184,-5.664981446514021,8.961459032545868,-9.138467438108082,7.763419799936361,1.306423797781875,6.444836198022742,-0.3637022751658652,-4.971758393478938,6.882083397616434,-3.1808788453993486,4.6071430331356495,9.102474832527264,8.298745296882469,0.19208432291081223,-5.191820873506421,5.826235234260167,-9.089347086907901,7.999375227176259,-292.56827256044437
14,1.314233140338736,-9.676819277338238,0.398187941669617,-0.12491576926825587,-5.741960590555831,2.3623417593298655,-9.968536827980037,-5.321191576000064,0.5392286005426765,-6.017141614628749,-5.125949440140398,-1.2719352462106155,-8.887155827145822,-5.83603238923345,-8.52717744980782,5.96851505256295,0.04983700227657906,-4.769137194320116,5.93557511886636,-6.8984242206093205,-330.04168458340297
15,7.319554396629858,-0.7795354481956238,1.2349048255714514,-3.7550746835088367,-5.138404638745304,-4.466309454148685,-2.801530996495485,1.3994467639826365,-9.38506483227157,-2.2849077090205423,-3.1758569195313058,2.596794060656368,7.37197547554511,5.452788796871449,9.827419620462276,-1.6813507888794348,-5.707085088443988,8.437731758640211,6.289751612760583,8.27795975840121,-230.59895244943158
16,-5.785993482621901,-0.6159684299871984,-3.529662500363422,-0.9744868641796351,4.548501015857367,4.497648820840364,2.7453955078349495,-3.215969572999824,-5.516739486370803,-0.6457847387596125,4.974435278817769,-6.331515158008354,-9.516820857696729,-7.899410165664542,-7.420896249774498,-0.7098848113669849,-2.8738933389674255,8.389192458166228,-5.837239392746987,-2.384935041594307,-251.33997339657856
17,-9.572046531737117,-8.803115792616454,6.755486449913803,4.043387638396256,-8.134626536693169,5.826853512976275,-2.0723090811006433,-7.094104472476188,9.698545440057444,-7.620030175775927,-7.179914836002316,7.078388508775902,4.55080888014502,-8.61741349872101,2.4286005834014333,-1.3402014932271182,7.747618901715448,2.360198246264405,3.2162096300768823,-0.5110001871556786,-271.04685452357495
18,-9.897568208028947,-2.3132349163198445,-4.0730898739745935,0.9908519741167137,-0.39051584642955817,7.7881036033649345,-7.049119815608771,-8.59957509133924,-0.41679068541474074,-7.504657337383939,4.421687911619426,-5.688581463407734,-5.140892690537648,2.245174828303689,5.775137390661843,3.636031468679345,0.6379012127664829,-1.2205575916771743,9.783605555062689,2.4566440207639175,-260.15779364089104
19,8.373833022191942,-7.012556513606876,5.901388117590292,4.742101132008168,-6.91950582779697,8.488073165981895,9.882634500454078,-5.664781542677222,-6.099151446449406,-9.040395487963401,-0.2049508731790901,6.004582729441783,3.150792994102554,-7.36014619771198,8.890875579507696,-3.1897975662104194,-0.4351457455229486,-2.435123529178174,0.2575588953249959,1.7814063821689814,-337.1412728862751
20,2.431903377436841,7.167768011823473,9.003453556066017,6.110571458786616,7.50099887508571,-3.104244860166898,-3.6215380805306907,7.633084704161817,8.5156792920803,-2.413012441953459,-5.177835788788647,-4.901960489075217,3.5689293872488275,3.6410315826120865,5.322860299539958,-0.6584769810646272,3.4382094391753277,7.198404451001238,-6.189164897250386,-9.53447820248229,-185.06318560465803
21,6.741857652118831,-4.445743340575121,9.4885579382541,5.164344669512609,-1.2287203340032615,-9.21901570443191,5.602939395270724,-2.861017097538287,1.393677728267468,9.851615705065473,1.8251308061148919,0.49798964356381425,-3.4708144819354896,2.3812990246646635,9.882529630942884,1.2811910120448218,7.256362872518892,7.341827717537164,9.694336063197323,-4.174655428651244,-313.91187095018654
22,-6.357749245734441,-3.7046772769736647,-9.507666902622915,-5.618260815788321,1.6971079892937517,3.7465309026172022,2.947137029463782,7.104908693575499,4.022141981837281,6.629207112059504,-9.721354641315036,-7.692447945162611,-6.228445068058647,7.607236805570572,-4.130330681359338,-5.66907430380561,-8.227654801725446,-0.28625789032957094,-7.388017909286617,2.9277973135480195,-316.0138549796111
23,-4.581272956677731,2.603633393843353,6.2574181774011635,1.615338273841875,-9.877601004283909,-5.966062990645369,-3.987021855838524,6.636982396600082,-5.806015594102876,9.743227345693324,0.19899244610819622,6.461299394292993,-1.1880785536889977,9.594108768361806,1.3501110806402146,-4.114320094055641,7.165439241937644,4.107019360222184,4.274495292849753,-5.171752494662778,-304.9834161997547
24,-5.605988457118672,-3.088011025246775,1.4959919943965652,-7.4569193656887816,5.125133138624687,-1.3441279948217488,5.029241094549487,3.507478471611643,9.97728928157873,-2.4816498457290166,-7.992061006778655,7.443485469525747,-7.359312590850329,-1.110994490205556,-0.7155883553721143,-5.157313860620971,9.985524725174706,8.266604156814456,3.1500915189464322,3.195997815982059,-246.52750153456455
25,0.8185830715801519,-4.901783911575091,-5.620333567706277,4.053236469609729,-8.781037152785204,0.21276333855040086,7.807981546839077,5.981585365614839,-9.654111782472945,-5.7522253925196125,-3.1618689764686403,-9.182123432853754,1.4311131289875139,-8.771222216783405,-9.71020678966183,-8.86666616123281,0.10569602105915266,-0.7102424566321464,-3.889140520717154,3.0577215247971683,-299.6481599746045
26,-9.03821880052899,-7.5543298303250905,8.627625311249748,-2.850802307854612,-5.464933456520765,-5.629583137042735,8.682819581272117,-0.7562867890578637,1.014755964719221,-6.0330801890124786,-5.43128420803638,2.1084291155952286,5.865291224351228,0.6031424032407493,-9.931339544757021,-0.3197576027942244,-2.053354358528079,5.090157811882515,6.298888595116459,-0.7638861767551486,-314.2338022393994
27,-1.7934079808712369,2.943229244083497,8.688680060208767,-3.441354171691473,2.1471386447585665,5.9390536507765095,6.253323173643498,-4.680389859239158,0.1815513349340332,-2.854487744656929,5.321669479925941,3.5529846544420156,8.202590267564474,7.272280700128732,-5.437735958242092,1.7098161053193568,-7.9684205055464785,6.636409349900585,-3.6808602901937126,6.483003476110724,-151.67620332487002
28,6.326198546847433,-2.5214458382091447,3.2417767862517355,9.939968332118724,0.8055583775950304,-0.7115566453028741,4.709881144798482,4.768435309732929,8.58342604753403,-1.8552036466894783,3.267774361066916,8.357557633576334,1.5163487248910652,-5.155753562625249,-9.887918202016026,4.146096789985275,7.616475965977571,2.050036725331392,5.101308228596368,7.897311111524534,-231.74433573126782
29,-3.691411093538168,-9.65965414606459,-5.668054377981157,0.6422781475819832,-0.2502965244611577,-4.209205477703604,9.28958972408173,8.988653812369087,-7.883349717334571,-6.171141848435216,4.551805936499418,-7.043913104784492,7.375810102883552,9.857599210424127,-2.672284347898433,-5.772944910764,0.0630500852918594,8.827550476644042,4.108489847616257,-6.452625541401915,-374.0440836269305
30,8.66644979226232,-6.610348586973762,-7.286329495230279,1.887942071430107,2.6821425511438424,-8.537344633767947,-7.815725252580112,-5.798312147491089,-1.4872698833024707,-0.29600612487269196,4.968259777174639,7.762067024540027,-4.413280349164943,-0.3371263975755223,-0.6484619505893754,-9.544660938240078,-4.417744041358052,-8.784828678193348,0.6642442643157853,-2.5462292004516307,-222.15477330758776
31,6.36590311021309,5.515750730980319,0.9596484497197579,6.611052690618294,-3.1443385829256876,-9.82385015537245,-3.0332956566734426,3.1704923917293115,-3.4616249490470423,8.176305078844987,-2.1061457897514853,5.486136664829406,-6.319797805471419,-5.234945389921326,-7.074767096880565,3.715744806907157,4.914624532779852,5.78930639958654,9.982307030183819,-0.1522387820205413,-322.7084021604342
32,3.581200927450489,-1.339819661710969,-5.096682664653076,3.1928216514959455,-4.469185370836152,3.658179487848656,8.436157872651172,3.561421570220592,-7.324693003777378,-4.467501765729365,8.127013929639958,4.530958025625637,9.089658725624282,3.5855657503976275,-0.5744749717190274,-5.7680692162722735,-0.0010279689927479296,-7.456174355574976,8.563755387142518,-7.574257476996662,-176.0970251559462
33,-3.616399645745469,-4.563724285816901,-3.2866225538981446,-6.193441348083837,-5.085074566964394,-7.8308018197074265,8.006882011512147,-7.02440720374526,-6.599390505843052,2.4460102736959666,-2.027576310896624,5.250226330953392,0.8288302274993775,-7.8944864475879495,-5.991783882524382,-5.4522069288149915,-5.863722486585012,-0.05877246025657357,-4.103410622593591,2.081519055104124,-254.9294731804168
34,4.734476088040896,-4.919060995127031,1.2385278939326572,7.989022694408497,-8.782926493873799,-9.393951118438506,-1.6323305082748956,-4.487601642539145,-5.148640088793471,-4.911564960892168,2.8390335472633375,-8.819151377405316,0.4707699556739815,8.984276880731706,-1.142930163128316,-7.434291134657145,8.871690951173829,0.7062242713864073,-4.866205218684017,-5.931649203735319,-216.24460696179722
35,-4.686187622367701,-2.989386592497773,-8.359105013215638,2.3084603779302206,5.244493673549107,5.796031677292429,4.68763874801569,-8.755174010727508,0.9298400732732333,-9.245958945399584,7.765297592878714,-0.2762550004887121,6.206436000145061,-3.91514514562539,3.77313530998385,8.374035923962232,-3.2342172097076656,-3.73135318288411,1.8654096604352155,-9.783925069717567,-162.34167649492935
36,2.56182994331823,-2.1286515661569494,9.889232422856761,-9.1976030358412,-9.362922794729066,3.1431910711689532,-7.037450525027216,3.7452588246078697,-0.2884098701427824,-3.107138484571516,-0.5366984856584072,-8.548348169910936,-5.1056440868410995,0.36193580414312976,4.97178603827161,-5.01288868139995,-0.49149634041444656,6.151649325972997,9.318790135834398,2.781105547975054,-279.486889545945
37,1.775360483044322,0.18446682554662353,-1.5361309657098197,4.208527434212657,-6.896935118770136,7.892244471662309,6.750484216311612,-1.6698408406361693,6.872193989552095,-8.341990016468888,6.14719647896888,3.799083580724375,-5.7254778186736965,4.876537474158489,-3.168406500030607,-2.6816868032063246,-7.185545202659574,7.164681772110697,4.765950075438941,-7.080210407975489,-185.59855943095596
38,3.2095071338117904,-0.7862753153340503,-0.7917587302473112,-5.308152937692682,2.6563653909610956,1.492928782087068,2.577431857182182,-7.4509563455495575,-3.1836398778634445,1.1776921572086785,1.858809309410482,8.193285761382157,7.0014285468845046,-2.8205784075112366,-8.652527993155699,1.1157949513622896,-2.363722306513143,5.220483548163653,-1.4262004932008754,0.7804739660612228,-105.7136108090509
39,-2.397885827422206,7.544029963523318,5.312313427160065,8.093807923791946,-3.9955781500803678,5.075876493761562,-8.499563225974846,-4.704170302959156,0.3047487285107877,9.37353062824797,7.446998974617095,5.719828828862678,5.3338331380923805,-8.842112307948518,-0.6021790271178258,-4.977924969413734,8.592952895770352,4.716871569004448,0.5559380727591545,1.660606789076546,-176.5767799473432
40,-1.7423984587352042,5.903131019871584,3.2005534846732164,1.4909845498658942,-7.304546794054896,-5.029114715744701,-2.6024966843855584,-3.02672252161911,-7.924482153767376,9.09632008635527,-1.824573375290612,2.2042706689734555,8.41903491568588,-0.5214928839335506,-3.6926930134204987,9.349813905090606,7.793887419274487,5.664970358409207,7.574689916618176,-0.23019536389786666,-205.33226592883722
41,7.411637645176864,8.136703544323467,-1.4063101455147269,-5.959472482593866,-4.3133314967051,-0.0220496477006904,9.117971010350228,-6.379444046038046,9.111573202452572,-8.544720529212837,8.986958580677399,-6.283355137932157,-1.903284207152078,-8.635142470617136,-1.7977489904873512,4.69897605312098,-2.9977994320593364,5.404712071642637,-1.001311720645056,4.5566156180661785,-282.17058679375566
42,0.7768353925856193,0.28349193193551514,8.390802528813254,-7.620667025655717,3.6420854690879203,2.4958851706501406,-9.32790231392244,-8.17335953273524,3.5658405684381016,-6.028968656740781,-1.6987043448871368,8.407848192944854,-2.0024564545129486,9.868118620561216,-7.052343573607384,2.0248345886113874,-6.188738990413318,-2.262394715854141,2.2075975654610005,-4.423085071856299,-265.49296443823977
43,3.2166498629642515,-7.642956882173082,1.5643575645735481,2.6337417979207203,-3.286590087070267,-8.341929677967935,0.2136617877754965,-9.024379473800346,-5.92937230134273,-9.63074404004807,1.6639904026431562,1.7510108605884174,-5.561929828999457,-2.061348860845518,9.830032150883127,6.162746979928091,-1.8532496417997795,0.8693290122693291,-2.4422082243574543,0.6360964626552637,-260.386253048903
44,4.44599012284527,8.31330656891911,-6.566935121469051,-2.48182728925729,5.59117526196207,6.783301004845118,2.4478028681735573,0.16178605945454194,-8.443137153495613,-3.726316649640715,0.48466717417323935,0.22601833868777454,-2.334774831548496,-8.769279696601046,5.563336139083294,-7.437691741553976,-4.713571010050339,5.746982583598378,-7.821700944464734,-1.7547323122233554,-185.07756562254568
45,6.080233017596541,9.410922742116547,4.020642233773984,-9.730985591220565,-6.901473311634567,6.84673598451889,-4.114401372048566,8.508926010720778,8.383853971276185,6.798011167120631,-5.074788967321922,0.5607024283775601,9.993685772905447,-3.9431211546166844,9.827467949038084,-9.489813912303324,-4.856702787760909,-7.334183350156083,-7.359063326283655,1.4589216461454964,-441.9786170743884
46,6.4910711021306895,-3.3714545353507352,-6.989662505095664,4.979519964208457,-9.742981483322527,-0.25036371874136876,-8.460789624228589,-8.177698990794429,-7.184212905816711,6.457418257602267,7.919767430366541,9.18418822392453,-6.763864012074361,-9.603160963731668,9.023630512147975,-7.041299430617631,1.0681311581852206,-7.957781879177972,2.0235756268396834,-4.592965460402196,-399.48297383814776
47,-8.24747754863802,-6.280904232574239,4.294133825796171,4.770803881833265,-0.5609313023060132,-6.228945413591025,2.24024717557597,7.850229714740173,4.444294363824357,8.568513649602838,9.758703991940905,-7.28120224000185,-1.2564688366210888,8.311872731045135,1.0290765592006483,-5.06477545157056,0.8447719664488709,2.439110373646736,6.700916817808434,8.283795292185744,-229.96957168340802
48,3.1133527750422,1.032389667098892,-5.605466157891663,-4.222420903969142,7.3994010803655605,-5.236844724054485,1.6047666921890134,2.584796316005649,5.611631463188406,0.0351163349572694,-9.014822567800056,-8.297486801175138,6.565601653957952,6.599067561961135,-8.292508839022318,-0.9750411928480283,-7.964415805689877,-1.343885288915894,-1.1133152369838601,-2.9321893584903957,-138.04065915216492
49,-0.911973138770918,5.99482148642527,-9.5871591250791,6.9203681942735,0.9088406974069088,-6.15272879640079,-0.04619591521359645,2.2595641566277784,0.4358442968917071,1.770472442073661,0.7167664877561837,-3.508142045143609,0.6963292106862173,2.619338364011494,2.818955679850246,-6.386784650809554,-6.263185032765279,-8.495878331388912,-2.5452807399496447,2.456540594070276,-220.04476813552523
50,8.31013715450759,4.4326723569660516,-1.6491936909329503,6.72247800315094,-9.948164642617206,4.520309488845559,5.181458248752445,-5.46812032408063,0.9472374114164772,9.497439886591089,-9.889600166189943,-9.079508246055282,4.058837412403697,9.393348585384409,7.155689392152333,-2.9444516760932737,2.4983670353953613,-0.4450106647417602,6.020528816770913,-1.1355240422352466,-371.2619943906045
51,2.7506890331306444,6.044959754055885,6.950743924911475,-0.30306159944212396,-8.157393628402225,2.0460765020953744,8.739541150839433,3.2064695809655817,-9.467085538484575,4.882120447414609,7.81653922383509,-6.279147561455504,2.0468087790387024,-2.857541065910465,6.964155073670458,-9.272638369459795,0.6954172023243714,-4.217364759862033,9.994165268974108,-9.67727265763717,-281.4983142432335
52,-4.956877519772891,-0.10192583027809299,-7.552234549470091,-1.4178977596507139,-7.226930704130961,4.853045799067592,8.549489023521872,-8.193677330418831,7.879051433908259,5.21828480888243,-3.5678735564184105,4.845378044684894,8.815820562643694,7.8794811381892735,-1.2642859427605568,1.08129146509369,-2.6762709157559827,-6.4728486487757975,-1.6118912005429138,-1.5275011172116812,-191.1768948043834
53,-4.370589504578519,0.7639467475341917,5.0635621128111765,-5.160992426129201,-2.222826861823375,6.595701800668369,5.591008010143717,5.139037763747037,-4.387318099523167,7.991624531675818,-3.8497756549843665,-2.6146117322066047,9.044229219891847,7.368209106324571,1.951422083995265,5.420344352767344,-8.59013892560278,9.690515353182299,-5.027685385868352,-8.548362440732566,-216.65179730302845
54,5.372735755956082,4.558543671555917,-7.3526048660915695,-0.5499626757738323,-4.028956204783107,7.191927299006856,2.379561088938944,-2.7121771760386633,0.7201092504501165,4.065260926959308,-9.867618191366255,7.714640137451447,8.17306191977093,8.92156390285826,-9.194110870808709,-3.7915639962149132,-8.070297066462173,6.003521849245843,-7.3303766123565435,-5.438301373229189,-260.9826005783971
55,9.803243560403601,3.121148634655114,-8.289586267774778,7.495716181314535,-4.887416708682193,-4.816647916253012,-2.6705988844113975,-8.672505668229313,9.48133925557265,1.2483820306001725,3.1162978393561858,-6.148775686292048,-9.8416298162116,-6.342118346575796,-4.165880180872037,-4.0102038462504925,-4.128938923258271,0.8936821120682144,-8.825191715879043,5.317197373981637,-312.8488358639077
56,-3.436806924421063,-0.30293767797868476,5.967711849494101,-6.001346020560463,-5.1751779973300565,3.336386024248444,-3.3277956603952568,-9.548540410179307,3.3375182580545886,-2.4779096292654508,-7.685364389496192,-7.156964072308876,5.862720820362915,1.5442768784130827,2.1006834809711243,-2.4082911385350965,9.439433684328495,8.85550828413519,8.152124702043597,-6.27595732405803,-293.68474253785604
57,-6.262717224204357,1.6087054693954208,5.910649697213605,0.16147067040851937,-5.7325867966553545,2.6755209381591545,2.1439635331417968,-3.0181399577437773,-7.541878542077511,-3.0362773964221983,-6.541694007849081,-4.577658257696564,-0.9960193520670018,-5.468899680446455,-5.436581826189926,0.7989307094831197,-4.192177202383096,4.8653700941276306,8.044103533719607,2.5038605366586975,-209.07285830358308
58,4.362089848539625,2.4879105507110957,-1.1798976693218997,-1.0350405323239986,-1.6941223328186457,-4.2425558691977905,-6.335888814892048,1.9224495468555567,-2.9792918085145548,-5.8827635465932975,2.816845353174937,-0.9354903215496098,2.949912143084699,-1.9071219394326828,8.926310358629902,8.590782230234069,-8.196990538307796,-6.904042178077292,-0.23572680030294535,2.8777991183770837,-183.26658529046844
59,-6.017181864447476,-7.6718707842482115,-5.272958387980918,-5.749823214769174,1.3004374565688348,-5.869349664512857,-8.132260112635084,7.829742261318593,-5.005535273001396,4.8206156674227145,-4.776538694664454,6.454428084862265,0.38070023771964223,-8.559355208477903,4.823549729729953,-1.2114876516293531,-7.797534456312585,8.85012593581341,2.9573835371680524,3.01355428563469,-218.7622469087818
60,-4.707170985766826,2.651937449752042,-9.955648516722473,1.2406850460102845,-2.3093876965483418,-8.75220495568054,-1.7499624216663392,3.5401683620984734,-2.231857949609866,1.3152863485427346,-5.61519651866994,-7.080730031191667,3.9752297749462695,4.347108613654589,-7.855843403240441,-7.132302370906678,9.234003921056303,2.278738810355991,-8.267109319869245,-7.915042851470355,-271.04755980092256
61,-2.198889571204459,-1.6433901624795837,0.9672959122799103,0.379859475649333,-2.848132745058418,6.61535830218406,-3.7913841117961518,1.0939313517203342,-8.280367104556895,-4.946162904258529,7.012632764071935,9.690705060980022,1.3454955998741713,6.063575765229167,-3.945484692220038,2.8856968378322243,-8.013135636667506,-2.546978557346195,2.634419056478823,7.713957742526453,-152.24211517665333
62,7.349237853813754,7.7551071321698295,-3.5186976743582594,0.29473661220379554,-0.7923515463871844,4.309226223527251,8.788981217368828,-5.32130486248497,1.9245979267148101,0.02416082082333304,5.161210781929162,-9.531662124996341,0.7245679175196891,5.366219982925866,-5.005759597328674,2.805778731172097,5.2715950326686585,-5.241767572970435,-4.1609735603540905,-8.187540946203677,-182.01157158286424
63,-2.228027820612544,-4.745151220195574,-5.254777454701685,-6.494627398141364,-0.3227474786717277,4.479290370049888,-8.052643481403368,8.54033131557949,7.207766090010722,0.5420732285927006,-8.264072330708387,9.931542916273944,7.930992173485304,-3.444623238064352,-0.7420365642188376,-4.005623091362944,-6.510545723947223,4.821879989025257,-5.178537668676048,7.502935107675757,-227.83860635659948
64,5.907091344196452,3.3347727559910005,-6.942311204884042,-1.3873697322646201,0.5727533525316737,-7.717380112628376,-5.097439908274827,-0.17013756439107475,8.284404765409903,9.064996402252127,4.146453000602312,3.3603273213941804,9.771806014813532,-0.06288940239345386,-7.430763502002549,2.3445099652587515,9.684447841551115,-1.056408876278443,-6.303413031936467,-0.8214840533798267,-288.2251279425295
65,-2.1024285915244967,-4.540510381584628,8.096795915034484,8.807461860724942,-5.4588144180471705,-4.975348130100976,-0.47854966872185045,-2.7580996447422486,-9.705236192150258,4.227328694068726,-3.2010701434001687,-8.347161018947869,1.6568464357672674,-5.429600228066189,6.918827643885294,7.411357428533535,8.517361434652152,-0.9332523556959256,4.4802273789654485,-6.0002204147443745,-215.50723463015487
66,-8.952012792851816,4.823557200130519,-8.673454303884379,3.2893904624287345,-7.9538223008298115,0.30543688217586684,9.198811348705078,4.654778762553217,-5.2140752272990865,-8.343287263207827,4.987376900398939,9.424201762227806,6.152512759128726,-7.693499802483816,-5.748787986878239,2.824753052645443,9.960569813130302,6.973447608614464,-2.363299254250033,0.3242709694192172,-295.5119528103317
67,2.202696262760691,-1.2766238627747448,9.118702359763965,9.74602369952878,-1.4631007038919321,8.880044503345932,-0.6514727051266629,1.5253684514956856,-9.4471148148562,3.8913823374631367,-6.472533260175835,-1.6037471313836384,-7.569616712084233,2.684198563190181,-1.0831049997801028,-1.4917319599771677,4.32729467549099,-6.594467951615249,7.985081254278445,3.8024866322614326,-283.1119617184063
68,-8.899368596595023,-4.8493910668461275,-8.245584893271738,2.333028897152724,-1.6949991245971319,3.7850797337902797,-8.336240857712342,-5.5542500722257016,-5.816475810372966,-8.922947535394613,-7.7384335670551145,3.2817007156085545,-5.309479936179988,-7.175934716968733,3.795460130077151,-5.301162586707468,7.271806806943381,9.443430420508811,-8.077590146958688,6.464106292520832,-249.40159872163045
69,8.06937623885699,-1.507737794494325,2.769563731636005,5.831683905696462,9.559773872545684,8.919987493098326,9.23583709638784,-7.92014078901492,-9.682818304082739,9.554415666061022,9.24567197656258,2.155821311825239,3.5309885643974166,-7.88064034560128,-0.9669004956771428,-2.078324148153669,-3.9996487762336645,1.4595605271283283,8.780789691867717,2.169788384769971,-353.77959356068754
70,-8.295763164861656,-7.968238435792201,-7.6316926906403175,-0.9340115982759336,3.003155585886317,1.2611202793005756,-5.616020309546814,-8.3808251846142,-2.64602889123263,2.119850233361575,-1.6227281836779852,3.9594144932148385,-0.32508041244596164,5.875961522134421,5.3375407112255875,2.1595332477737337,3.8395629974161434,-3.0708167502776895,8.954351074173712,-0.3358092841508409,-142.49637025965228
71,-8.46313835996099,-9.589143184936898,-8.62595068749317,-4.5514290103389925,-1.1994299130899204,-5.740092305569613,-5.1919368707668205,4.289992983150299,2.4800766784633907,5.3294116614888605,-0.3282683213960169,-5.688460700886846,9.88342507418826,-6.306953171433025,-4.279284822988179,8.575456874365088,7.349927017941155,2.6928120081627824,6.349844570293868,-6.558860763457308,-296.3051581448124
72,-7.284008050907696,-1.7537630331158365,-7.1165823362539555,5.202252752735681,7.892811490711246,-3.311004811021629,0.7221232025820452,-2.983737885438593,2.171169393182213,9.519067773384982,8.939242737892187,-6.683697225431842,4.162222890933656,8.334126675622688,-4.755243900968209,1.0745288507007302,2.654962944629453,-8.889832671729916,2.1572746854008944,-9.611759366694603,-254.51085564504268
73,-9.440886938076122,7.936748045107596,3.470323301966115,-1.875401980951386,8.932365608725856,-0.12719697761363769,-4.227828024352527,6.5131899651044805,-6.030516818540972,-3.0617747353496494,6.00218615939033,1.8404627464015135,-4.882946919794251,2.2718851766256147,4.153424460928914,3.7928216608084657,-4.834603789417564,0.7285885470050353,-1.1441502882486017,-3.0805676967126594,-182.07620661511373
74,-7.027196823678961,-7.376524262793486,1.023676965185082,-5.159282738945203,3.100999007312236,2.8252930532208786,4.616749288275969,4.128778946628447,1.1897681226091077,7.253733214929181,3.0976705516637146,-1.3539682119270182,-6.129170244275002,-9.10067917976278,-1.0332840827079792,0.9363724573286625,1.5039391592707734,6.14194924650365,4.686805934061198,-1.6174471345372154,-170.4386816170767
75,-1.8090585453333716,-8.245122179281474,6.3815133569778055,0.29632035586260486,4.215494011411039,-8.013925537830398,6.269344682124277,-6.5278658066684265,2.2572334085607864,2.6504279155604635,7.01696727032995,6.851797798771916,2.951704781635067,-2.566305223647019,5.063320751661966,1.1679161658652344,8.907319681453249,9.737614797677882,4.706073268477917,7.961549377072011,-220.839086419041
76,-6.0722907080244255,0.4007898287813294,4.241295647763565,4.4039183176785315,6.866242517559293,-4.982948410563937,-7.406757987734752,5.747415520288346,-5.519658141578494,-2.9328845636108936,4.714692647251965,-3.1161957673509573,1.7961975011440607,7.516299493731072,1.6712025316111898,6.433064707770132,-5.438568095107215,-8.923090347691168,8.117483511073807,-3.389130951416595,-203.47443624519914
77,-8.906619095758042,-4.439465227465151,-5.982781129169876,3.9120736119059103,-7.999426385221808,-9.779235951699604,1.962714965756442,5.107321784748782,7.023920323099972,-3.7128014061292225,-3.78278137247743,-2.9752769927150062,8.425798402837067,-4.277720806023764,7.9743674942217275,6.949657135841406,-6.306556860442787,-3.185455282414898,0.6180198562817552,2.809688382632709,-239.1438264840542
78,-1.6388590617844923,-7.97067502485143,0.5383323533761146,7.53935329597325,1.3409171014969434,-0.5681032286837358,-1.8337634051795533,2.4244682172709275,-6.889900989971148,-7.917034932573641,4.361631849685084,5.042044661048472,8.805296008814828,-9.534724825558431,-1.8353693291690618,-8.753261041412909,6.580894369492778,-5.26900120781761,0.6467761883810592,3.6412332633791973,-204.93708223819527
79,4.6433315165138715,-0.44264699093257676,-8.746046334387067,1.707231666729701,-4.910859716557471,-7.861651848571087,5.032228673034133,3.7196803811809147,3.3732774657756615,3.725125885545083,9.729982198622377,5.4166801243141816,2.295573308155836,-4.508971309619003,2.7981046265597307,-6.787470051547992,-7.750633447859709,4.829579849524793,-9.849626169148673,-3.8826985346123593,-246.01403015334617
80,-6.366284814813472,-7.134180055225839,5.647875780017742,7.0937997524066745,0.8541312991476033,3.6112451358343574,5.037502559578126,6.290169192999599,9.94610307600776,-5.24817667113598,-9.505188147595785,-6.349850571072682,-8.000904175337801,-8.342138640740288,7.34956817998264,0.31695906807405194,5.254570908146302,-7.029323670499547,-1.5127748945640835,-9.244435875909332,-343.4060998048286
81,-2.2118309477285454,-2.783049426594033,2.9897963668145326,7.126691013344576,-1.165710452320356,8.408924465034936,5.300793570510018,-5.50611880444186,-3.423565747930617,4.7448393995006555,-0.6295934054623231,-3.1047063803636377,-5.534102643818262,0.03156902638166592,2.7494260943850772,-5.631829463485429,2.5509207993743033,1.998807566015513,8.117461620243176,-4.194208671643538,-146.70616085552376
82,-8.034561010346192,-0.535216694051929,6.949855641386424,-4.37955827053486,-3.736092717873829,-6.076452640016255,7.366661915055229,9.055935862699265,-8.946184600562908,-0.24524700304763947,-2.008709290997121,-6.939800628316921,1.5911478884179235,6.2354709484585555,-9.572264715922758,-5.424525545438441,2.8962372050375578,-7.4920583247677115,6.754447362336975,-5.831357263844616,-287.63749947353824
83,5.406155938510439,8.924677633132298,-6.898180481891387,0.16921742822827213,3.2612987455709757,-8.407002079983389,-7.696367795798773,5.648899835414959,-7.037091768969321,2.974676476834695,-4.698423222162324,-7.6850011771175115,0.5562622627498008,-2.6598857224576156,8.19011353343366,-8.99620110869229,-8.13766730803737,6.135592160988683,-0.9456532873533945,-8.6131537221374,-233.79749845255068
84,3.800042619695761,-5.4776475624877685,-8.2290622499639,-3.8918480997744993,-3.0699861961516506,6.015060888718448,2.0195270867308537,-2.5185051946272203,9.641137707194424,-8.216464895985933,-6.579485512572645,-3.0910990751239,6.257673748122926,-1.6871609108120644,-7.082809314032373,3.606961339947105,2.1822617500227466,0.08284273180814772,4.540723097301559,3.262282071786956,-220.326016971218
85,6.432875117069855,8.846021399241234,-3.0211423325019453,-9.068862289429935,-0.47446510324674307,3.21192247059275,6.706275740024886,3.735963624998991,-1.1331393618990653,8.364776905675836,8.789522926064606,9.815818218372488,-2.6616326007303526,7.049968744733185,3.0498248478231176,-6.474279102618836,-9.169729100383046,2.1631096446737637,-6.897988056703559,0.02329077748348496,-306.91296453541946
86,8.003243959483619,9.396967777948355,6.405699813818984,2.374229240233852,-1.6300885667935194,-3.2276323387776067,-5.899503285816081,-2.8223479500033077,5.604619508309426,1.0124265967396529,-5.149544198951077,9.527527245281306,7.471765960037388,6.979510002692255,6.085101940341289,0.6469356991244659,8.854353102805984,3.162815713698155,6.314758337404516,-6.7608285811702995,-269.03605326099677
87,4.275914761377068,-2.775208895722243,-4.150857249323718,-4.731635010755275,-7.930580563937186,2.865140525087817,-8.855367127408025,9.85436615266827,5.793965079399799,6.09280711325081,9.004384702727652,8.96235115643146,-4.705258571361868,0.506780981963729,8.545517743391109,-5.004341225304514,-9.927483037827374,-0.8169366615527434,-4.515088566276058,-7.134713580774497,-307.41982127379765
88,9.133531000485586,-5.970925754095724,6.279641307428481,6.722889479693649,5.971142218530128,-6.0628010883331935,3.9019869235507,3.576491788501814,2.700337449284614,-0.09840499447726714,1.9756390364115202,-4.850150708759029,-2.733458772777249,9.533154754585048,9.84651729304083,2.570322191933336,-9.123830872168162,-0.9382354251728824,-7.335282777724521,6.507244363059272,-326.9201761608149
89,-5.556125953779771,-7.735709776722379,7.355906619638354,-4.189492814297333,-0.4066018185301914,6.551293130936234,4.852688937501764,1.0927758292183718,4.2313274300031996,-5.967301391588955,6.801271320918634,-6.099897216132795,4.0423764898259495,9.656575099060333,-9.61442111269658,7.383442810050504,4.498878064430061,2.1936186221834593,6.268315610875156,-4.246199670944646,-281.7235648300038
90,6.856243569307825,-1.0602018549404129,6.656351665087744,-9.576408781727483,-6.9371382489967175,9.074759544791966,3.8540271676184457,-3.613448534312365,1.2142735515637266,1.033667316734011,0.5372013160330305,6.74561551557526,6.305332647358863,-3.747366526088416,-4.790294862821771,1.7946184509935286,3.0544633451107455,-5.766781542245882,9.358032528763196,-4.292660014907712,-270.99327110391755
91,-5.823897203489585,-0.08916316806935498,-3.586825429418039,-6.13628967961334,5.369030570381806,5.03984983071045,0.9969535722987661,8.82895642374476,-6.119597946296396,7.826793550945293,-1.632132710233689,2.388832678950658,4.997694854370609,4.05750399186789,-2.974200975683403,0.5882802208759603,3.0133102595353556,9.531629097095976,-4.662967331376606,-6.473300591750593,-234.12601986957372
92,7.877392924535119,-4.421421065703184,4.813301672835401,-7.161338034613667,2.4819193011899543,-1.3233087018033078,7.18996415397951,-9.746290554581076,-0.4476554269727693,-5.6179785504945645,-3.7727427995840523,-3.846424737641989,6.392770081353994,1.7175346543719172,3.4041934801211475,-7.589177199874504,6.518383537261535,-4.707418662670628,9.123663364540285,-8.837062307637211,-243.40671823985127
93,0.3237561392436632,-1.6732367793097218,-5.192473693862967,-7.855897986271854,-4.994753748201475,-8.680939615164128,-5.2749617970651475,8.612295159800976,5.090201197438693,9.757373113861213,9.686042536911774,-5.898381275521092,-4.524335843658842,-1.1436477456120961,3.2608806842919087,7.608044799416728,8.49246997462902,-8.499718528150977,-3.566051271608101,-6.777172125337138,-263.74674717162185
94,-3.4211140697797067,-0.734070340550506,9.269889527586066,-0.9637869244581658,-9.808471673023977,-1.6253316654973808,-1.7388131035341416,-3.8781482539901972,-1.739969892066176,-4.012360481410415,9.799735344864228,-2.99823504439237,1.310806615265074,0.06323221721650718,-2.803856171104644,-9.414182190573657,-5.428168118388688,-7.0865966645328715,-3.884397373598542,5.996024570066581,-310.5587348046519
95,9.158975376261587,-0.7131063522771885,2.0626532170549066,-0.8912181619184238,2.746464480056245,-8.914718623546726,-1.9148057139012202,5.738928786974535,-9.424756963391696,7.328375693719607,0.07096966339755362,-1.1470482217812368,0.465137502945252,8.683734165032561,1.187650911266843,7.78604386520901,1.399259826103755,1.42801167961907,7.58648189661071,-8.599120201007313,-172.4379729942673
96,6.289488767152875,1.1576258017453611,7.7250709627369325,-4.076966131236828,-4.105256542281317,4.3332335086269165,-3.660375538706015,0.6906229069871372,-3.6164977226084405,-2.9963918211370055,-5.048678508458437,4.583592304011049,-2.169731215442452,3.7329837229837093,-5.530497615265631,-2.5763263107933865,6.77654536677651,-8.238057408360609,-9.243344620159675,1.6992232712852289,-148.1599081069869
97,9.03179237943155,-2.810092324279312,-8.735942201175268,-0.4587068887708661,0.6462540992132233,-6.88512289044313,-9.43447174749796,7.556812126579636,1.754095726867046,2.4968793361271615,-8.783690802970094,2.562436745443188,2.183297034225218,7.533899125838779,-5.407966382249905,-7.0120455163788575,-6.0695391334297755,-3.5649996044494925,-8.963717255407357,-2.5105328264663562,-276.8733173109525
98,9.16026549004464,5.118138579142231,-8.911156328224902,3.4966340100907196,0.8998266134920581,-5.651607565657136,-1.6289072850912376,2.4299585484509816,-7.474379981480801,3.6532088838018772,-9.811498808938182,3.1908612118662383,1.6004681876046227,0.17051500122143537,-2.699474831880706,5.989872903363489,-9.649815566761077,3.874114816372229,-4.742255347121853,-6.831520230010453,-286.8282127813158
99,-4.481818644689368,7.727517299425312,2.1327252979837183,-7.099250637530088,-0.8375694774934122,-2.633186968752108,-2.6879100474775015,-9.80939994315191,-1.631215768601173,5.559239072336528,-7.576490078422237,-1.118330136337601,-4.223131350246994,-3.0433419157510633,-9.199279253419183,-7.222938103933845,-3.7321592863548307,-2.6098303284982123,-8.46992072691595,-5.360475727281213,-256.06431071764393
100,-0.062081218966500984,-1.1551926404196262,4.065885126508405,-4.416372096816503,5.964792786865971,5.692601264367047,3.44243223903241,3.1183021499766923,8.856753158930857,6.201158400230526,-6.467635243084895,9.633646720571644,5.867148550888892,-1.7628037458914854,1.0498942689262503,3.196326953282396,-1.244812430319751,-6.606863851982694,-8.863476005831819,1.4349984565495575,-248.9451141979246
101,3.998371950810917,-2.454297832059666,-7.997189050201232,-5.598032894551688,-5.663739868923412,4.847592268994102,0.35590622031198116,3.489736113730668,-5.780501438737176,1.622700104473548,6.468236656510559,-4.029270269713782,-5.886215070481913,7.989136475602187,8.1002200393992,-4.655002520137139,1.517504551110111,-1.671916641055919,4.088686255820651,4.066655484926077,-166.44835834381144
102,9.939923235780608,1.3662613527692464,0.9136191339053639,-4.43839621630995,8.570356550337419,7.5218674441183175,-6.898981175833711,7.797177359634144,-0.6877482775147019,4.9693667584825345,-3.72906966365891,-1.8456533818497043,5.868455765684322,-5.9164805491090755,-1.7447461479157944,-2.4264212294619547,-5.086984433920573,3.4551261321353426,-9.965274245406377,5.8386000319686975,-282.2199038442692
103,-8.923961959518692,4.502673964813175,-4.885712125872734,4.928336974799226,-8.119562694147788,-0.09873199808171584,-1.3856117491234325,6.0601552756169035,-1.545512035321618,3.716185521650303,5.911148073200824,-0.40630154528831675,9.75194071006003,-4.677002440723486,7.360948451981969,4.451936890909089,-2.968134591815468,-9.297186845306012,9.913400065979602,5.9824335749731326,-254.32972296376087
104,2.3763957521640418,-9.034625206657248,4.268416723374724,3.39529314502515,-3.8595832523023272,1.500782816617237,3.916437927820354,4.934010912769928,-8.558363446586982,-4.857240380600693,-0.8785949651881726,-2.1155665373070898,3.900953629936403,1.9591825877747269,-5.739415366709338,9.559212866304556,-8.212993328330533,0.4663942641180654,-4.502189583921075,-8.981444634079452,-155.28523840170115
