x1,x2,x3,x4,x5,x6,x7,x8,x9,target,iteration
-6.616091,1.0930862,-31.134163,28.841045,29.219498,19.446579,-5.5696354,20.988361,-17.757414,-21.322887,1
26.842728,-25.012688,-27.838226,-5.949293,30.150982,-19.051208,-20.057152,25.620934,-4.0194263,-20.59407,2
-9.372997,2.9733047,21.621616,-19.009556,17.591385,-4.653494,-18.895782,10.522129,-21.930866,-20.859547,3
-4.915657,32.287663,12.872879,-16.568478,13.291309,16.34513,28.199665,-29.528223,-27.852356,-21.528843,4
14.565975,29.34769,-8.86978,-18.252438,18.24392,9.114628,-19.158684,13.402035,30.20317,-21.30066,5
17.527945,-21.643316,-12.831846,-10.987593,27.025246,-18.609945,-20.556942,21.947512,-12.100345,-21.147411,6
32.71456,-27.91925,-32.768,-4.98342,31.756628,-20.976988,-20.212574,27.621828,-0.0342627,-21.140247,7
25.048811,-23.771133,-32.768,-0.8119382,30.89427,-13.627884,-19.232866,26.02904,-3.899422,-20.999672,8
20.572884,-22.29951,-26.725124,-4.5307865,29.046375,-14.030647,-20.058657,24.022758,-7.5779953,-21.304115,9
26.626831,-24.63293,-22.610048,-8.576798,29.45793,-22.305716,-19.70623,25.035315,-4.8042707,-21.772835,10
-20.218904,-27.60409,29.68455,-20.905893,19.89554,-6.5227737,-32.768,18.92858,-32.768,-21.483288,11
-4.129444,13.326872,21.12908,-21.19343,15.788842,-3.659667,-16.812624,13.868032,-20.332592,-20.681698,12
29.524103,-25.85254,-32.097805,-4.232315,31.11125,-18.56672,-20.179571,26.799541,-2.2476208,-21.406311,13
-2.391793,25.645426,25.859085,-20.343206,14.356307,-12.43359,-17.48059,18.574211,-31.13909,-21.741589,14
25.442703,-24.00462,-25.996103,-6.87103,29.762274,-18.997913,-20.052973,25.075665,-4.825425,-20.69247,15
-7.8992276,20.58424,10.143305,-21.261698,22.112997,-4.0318055,-15.507489,16.681166,-20.715046,-20.933853,16
-2.9728909,3.1287014,27.068476,-20.90743,10.345986,-4.2369413,-11.686281,13.725536,-20.67251,-20.513592,17
25.139183,-24.608847,-24.927359,-6.971056,29.476982,-19.705524,-19.78132,24.78955,-5.1211896,-21.251118,18
-0.47745818,8.38213,26.036125,-21.294254,9.910264,-3.7461395,-10.911477,13.792232,-19.216642,-20.56672,19
-2.1180677,-3.172935,32.768,-19.424574,7.709832,-4.0664654,-15.387428,8.334013,-19.968058,-20.775913,20
2.7602935,16.76344,26.564545,-24.881235,6.5890403,-4.0951405,5.281606,24.932297,-19.931564,-20.910313,21
4.8708773,-6.622654,5.399895,-21.032818,6.4705353,-3.4894717,-16.157816,12.48795,-14.674737,-20.042686,22
5.780978,-12.559969,-1.1374257,-23.361256,6.3365507,-3.7001977,-17.865402,21.015846,-16.657658,-20.612202,23
9.226321,-0.3158283,-5.672148,-19.626186,3.8421884,-3.2119067,-5.7166576,6.057532,-7.83924,-18.032528,24
9.564019,0.9917997,-12.919083,-21.796263,0.99885726,-1.3951117,-1.5073596,2.6115732,-4.723467,-18.620739,25
24.465406,19.645226,-5.688219,-6.63459,-3.8625066,-5.9820194,-4.367384,4.251133,-4.5450616,-19.925186,26
14.154021,-3.7209923,-5.564687,-20.610508,21.55894,2.2918248,-4.393241,1.4358206,-2.936122,-19.978329,27
-9.2815485,-1.9367062,-13.954312,-15.48355,3.646993,-14.774558,-4.183977,2.9617567,-6.5118823,-18.698763,28
32.768,-2.710444,-17.257189,-24.333803,3.0500367,-5.852767,-3.6456146,-1.1973001,-13.51371,-20.893085,29
1.527777,6.780097,17.934427,-26.709702,5.4325595,12.729907,-0.18756087,-0.85765094,-6.7210226,-19.982224,30
-29.525785,-4.6763773,19.79858,-11.667712,4.2303734,-2.1333294,24.240917,12.902021,29.492931,-21.321404,31
1.921536,-12.631865,-13.701438,-19.55604,0.42104146,-7.3035474,-3.251747,9.002722,-2.9106498,-19.016521,32
1.290504,12.015647,-16.259974,-20.227682,1.7964109,-7.9036446,-5.1295323,5.912182,-7.571198,-18.968945,33
3.7655299,0.39349037,-3.4944637,-0.77100605,-0.7821246,-10.872621,-2.856332,4.111079,-3.1138887,-13.376989,34
4.707355,-0.5455751,-12.131517,1.7148504,-3.7456658,-10.510413,3.542259,2.090888,1.2923994,-15.814923,35
0.7365716,4.0998926,3.2270472,-0.8207801,-4.679296,-10.835475,-1.9758294,1.6187882,-3.277344,-13.465186,36
0.6392753,4.0351353,3.9580166,1.6495835,0.52259475,-8.944596,-5.7734947,-4.141806,-5.1912184,-13.571933,37
0.4839728,2.1977015,3.4461312,2.0121112,-3.9191787,-19.141949,-5.2466044,20.204784,-1.8803012,-18.59135,38
-27.22313,-20.178432,9.34809,0.4472856,-0.6644788,-9.924473,-7.2117887,19.693733,-4.299231,-20.630554,39
1.8481777,-10.294746,2.7039316,1.164311,-1.2972631,-8.19969,-5.908539,0.851946,-13.197405,-16.125664,40
3.1304696,4.0286636,2.4500923,1.4082301,-4.8575025,-7.449808,-5.6351,0.5833202,2.1029997,-12.992453,41
1.8703791,5.096976,-15.761065,3.415923,-4.5227737,5.9373126,-5.629307,1.4909344,-3.6906042,-16.526905,42
1.6991684,5.3387103,0.8709954,4.5241294,-0.5059316,-12.271551,-20.19868,0.46822503,25.054857,-20.00436,43
1.1967362,14.751345,-0.26149333,5.0126033,-2.9197443,-10.180105,-7.322089,-2.273573,-0.5264411,-16.462696,44
1.61076,1.8297757,-0.11497281,1.0005912,-11.278666,-6.8110714,-3.7930205,0.9836035,11.584282,-15.505003,45
5.83144,-0.37958205,7.7855415,3.5659041,-3.0260122,-2.4759865,-11.601461,0.5324971,-0.9688014,-15.047437,46
1.307112,1.3681718,18.832058,1.4444855,-9.568914,-6.721274,-4.244646,2.724319,-3.3164973,-17.720844,47
0.5873851,1.6633103,0.25717154,-1.2996672,-6.3123455,1.3668886,6.0419207,-2.3099205,-2.6699848,-11.550558,48
0.67800695,0.41410586,0.36681163,-3.9960248,-2.56806,5.6994486,5.961636,-7.6481495,-0.52043957,-13.149378,49
-10.344449,1.8121713,0.21720618,3.865535,-11.844662,9.985105,18.302258,-1.7381235,-5.240969,-18.183578,50
0.19089803,3.5846503,-1.2638747,-3.9214761,-2.760007,-2.9617784,6.907653,-6.939947,-2.6542673,-12.534393,51
2.3543332,0.39198595,-0.06240269,-1.8050299,-13.20009,-1.225136,0.35453144,-2.3895404,-3.220382,-14.034924,52
1.6271955,2.6892135,1.9683878,-0.733862,-0.1564255,-0.51466,4.088919,3.891142,-0.53429306,-9.036859,53
0.4499351,19.809118,2.5225601,-0.83419436,7.295265,0.29419696,15.372244,9.937541,2.3101652,-18.838055,54
-2.1261063,1.5046933,2.5605478,2.3378303,3.3352268,0.33110213,3.0774224,8.66953,-1.6188366,-12.292777,55
25.6198,0.8673401,1.9762703,-1.9480681,2.0660992,0.48705378,1.5802091,10.905696,-2.3819482,-18.551607,56
5.592379,2.7408178,4.1575785,-2.6510878,1.9917378,0.29909137,5.169471,1.7182862,1.6398551,-11.496361,57
-0.32241374,4.9458504,1.8191216,-4.6243205,-3.7897775,1.7777109,1.6385052,9.006285,-8.971721,-14.213491,58
-5.1631413,-5.0697017,2.8803804,-1.2912893,0.4162403,-2.0862029,3.7101207,0.9191728,4.1123953,-10.954472,59
2.6785145,-3.0365148,3.743817,9.03688,0.54277146,-1.8623866,7.0098634,-0.7954032,1.1406844,-12.859098,60
-6.7299037,5.483256,1.1999509,-4.0296187,1.8649671,2.7371294,-2.471269,1.591029,6.1184206,-12.917372,61
1.9962499,-8.523214,3.3954542,-3.639371,-3.8383536,-0.43761823,12.073325,7.8115964,4.316795,-15.987146,62
2.264281,-32.768,2.7120402,0.27167752,1.8307862,-0.5946478,0.5818409,-1.0047486,-0.23104079,-19.555653,63
-5.0122147,1.217666,3.0880976,-0.18184952,7.574906,-1.0226674,4.4757113,-1.4568322,-5.319285,-12.736482,64
-3.1783001,6.6206064,7.9342737,2.5866075,-1.7816133,0.07035064,3.9941509,-0.9172919,4.3759985,-12.920541,65
1.357849,-2.6931055,5.2729826,-1.6531774,9.832615,-9.210609,-0.43147728,2.0451474,8.455663,-15.565693,66
-8.788896,-3.281765,-2.2563944,3.5282457,-2.5233426,0.37830022,0.27068084,1.0217415,-0.7614675,-12.07332,67
3.318768,-1.1906981,-2.1630244,2.0494435,1.8400087,4.9594917,1.2148365,1.3840332,2.4396663,-9.537576,68
3.403736,-0.49184105,0.24447584,3.00214,-0.38569537,11.310381,1.3567704,3.023898,1.2139025,-13.280863,69
2.7853987,0.16304395,-3.7672925,0.583219,2.153908,0.5119028,1.6541668,0.19223958,2.28686,-8.347462,70
2.270577,1.4961706,-5.6700134,0.82084984,2.4948728,0.9037985,3.6319523,0.4822209,4.815943,-11.1101265,71
5.790762,-2.92853,-3.302001,1.0649935,4.8725166,1.3786246,-2.561319,-3.984346,-0.17361069,-11.2417555,72
3.87091,-8.014794,-6.718319,3.4690056,2.7741969,2.1828017,-3.869872,5.621081,9.730714,-15.187257,73
5.719227,-0.029629797,-7.3128514,1.6045196,5.0128675,2.6823468,5.9234214,0.94823027,-5.2387114,-13.368896,74
5.0626025,9.565406,-1.5424702,3.0635223,3.790298,2.2404768,-0.3335106,-1.0201172,0.9125988,-12.688082,75
0.3396021,-3.4690843,-1.3264136,-4.3233223,0.77888787,0.5151074,-1.1000566,0.22493197,0.5141524,-8.540864,76
-0.10778587,-2.254674,-1.169174,-3.7963889,0.7856468,0.01454738,-0.15885359,0.5904063,0.3593272,-6.866044,77
-2.5112793,-6.099208,-3.895439,-9.337534,5.8869057,1.3547028,-2.7823985,-3.1435587,0.3601298,-13.882644,78
2.4045267,-4.9956026,1.589971,-4.5469546,-3.271144,1.313279,-1.1595795,2.720915,1.4739369,-10.853724,79
-1.3912029,-3.0469553,-3.6282477,1.6078838,2.0054595,-0.7826543,-5.451533,-1.0586145,0.16680637,-9.865469,80
-0.18165731,-1.2292714,-1.4474562,-1.7678037,0.59285986,-0.27042714,0.12765656,0.80767757,-0.36205673,-5.243041,81
-3.0089455,-3.8622773,-6.6389966,-2.6485133,1.1499302,0.72558,-4.845471,-31.387058,-2.463887,-19.543396,82
-0.48046353,-1.6083659,-1.9127873,-1.3391603,0.4583597,-0.2061969,0.25122315,0.39741626,-1.4920585,-6.0358496,83
-0.2768451,-4.0571256,0.009884287,0.6260768,-0.40174246,0.36728528,0.46666938,-3.4774034,-3.978029,-9.097094,84
-3.8264384,-2.7339818,-8.412384,-2.8204713,1.6654603,1.9124978,-1.9161702,3.4929495,-2.284945,-12.32866,85
0.3839494,0.7848755,0.30549487,0.71115214,0.4497478,-0.023386158,-0.9098724,-0.006817634,-18.458546,-15.922488,86
-0.30508325,-0.17693219,-0.97537977,-1.3582797,0.34299937,-0.935144,0.4886774,0.45249164,-1.0367751,-4.6128435,87
-0.5189285,1.4180872,1.6744103,3.0354614,0.21796125,-0.51120275,-1.0545932,-1.1794205,-1.1872141,-6.748643,88
-2.703013,2.4566283,-0.71446204,-10.23209,-0.93108994,-2.716458,-0.1935543,-1.436285,-1.4703621,-12.6135025,89
-29.247272,-7.2536683,-22.923666,28.352219,-4.41241,-3.2374928,-4.887358,-10.07051,4.4619584,-20.93908,90
0.24024045,-3.9270182,-0.49981692,5.570796,-4.492283,-1.4024259,-1.1493531,4.152413,-1.5669024,-11.33311,91
0.3213667,2.0568573,1.6401088,-1.9423898,1.5061973,0.8183255,-2.5908837,-0.25771913,-2.6053798,-7.750886,92
-0.24881089,-0.09051905,-0.72116095,-0.38570076,0.84409314,-0.8880206,0.44404462,0.07159963,-0.86269164,-3.7341986,93
-4.16269,6.3218675,-5.734411,0.3658158,0.99037176,-4.850087,1.1359725,-1.8464789,-0.9879982,-11.681086,94
-0.007815775,-1.0306689,-0.06899214,-0.32842657,1.2640135,-0.5119106,0.54585034,0.3044741,-1.0120773,-4.2205114,95
-1.1368324,0.9675772,5.700415,-0.9389347,0.10548891,-2.8544054,0.12695347,-1.8552762,0.7931453,-8.318983,96
1.4595733,-5.0215716,-1.4518625,-1.9803799,5.1416683,-6.684146,3.497101,1.224508,-4.558709,-12.757065,97
-2.8016953,-0.07275083,-0.8495105,0.32151008,0.6570254,-4.4809365,0.6857868,-5.203188,2.9499233,-9.977517,98
0.16852307,0.053486835,0.42289117,0.22157936,0.9146176,-0.49402884,-0.0079638045,0.49155614,-1.1628011,-3.7454214,99
1.3508809,-1.3307211,2.4993064,2.3001184,5.0232577,-1.1207653,-1.7493267,2.4141362,-2.0701444,-9.576142,100
